[11:59:47] [SIGTAP] Servidor MCP iniciado, aguardando conexão via stdio...
[11:59:58] [SIGTAP] Servidor MCP iniciado, aguardando conexão via stdio...
[11:59:58] [TOOL] buscar_procedimento(termo='intubação orotraqueal') iniciado
[11:59:58] [SIGTAP] Conectando ao Postgres em localhost:5432/sigtap (timeout=5s)...
[11:59:58] [SIGTAP] Conectado. Carregando tabela...
[11:59:58] [SIGTAP] Tabela carregada: 4994 procedimentos, 9 grupos, em 0.5s.
[11:59:58] [SIGTAP] 'intubação orotraqueal' não bateu nos níveis 1/2 -- indo para busca semântica (pode ser lento na primeira chamada)...
[11:59:58] [SEMANTICO] Carregando modelo de embeddings 'paraphrase-multilingual-MiniLM-L12-v2' (baixa da internet se ainda não estiver em cache local -- pode demorar na primeira vez)...
[12:01:59] [SIGTAP] Servidor MCP iniciado, aguardando conexão via stdio...
[12:01:59] [TOOL] buscar_procedimento(termo='ventilação mecânica invasiva') iniciado
[12:01:59] [SIGTAP] Conectando ao Postgres em localhost:5432/sigtap (timeout=5s)...
[12:01:59] [SIGTAP] Conectado. Carregando tabela...
[12:02:00] [SIGTAP] Tabela carregada: 4994 procedimentos, 9 grupos, em 0.2s.
[12:02:00] [TOOL] buscar_procedimento(termo='ventilação mecânica invasiva') concluído em 0.31s -- nivel=nivel1, 1 resultado(s)
[12:02:09] [SIGTAP] Servidor MCP iniciado, aguardando conexão via stdio...
[12:02:09] [TOOL] buscar_procedimento(termo='sedoanalgesia') iniciado
[12:02:09] [SIGTAP] Conectando ao Postgres em localhost:5432/sigtap (timeout=5s)...
[12:02:09] [SIGTAP] Conectado. Carregando tabela...
[12:02:09] [SIGTAP] Tabela carregada: 4994 procedimentos, 9 grupos, em 0.2s.
[12:02:09] [SIGTAP] 'sedoanalgesia' não bateu nos níveis 1/2 -- indo para busca semântica (pode ser lento na primeira chamada)...
[12:02:09] [SEMANTICO] Carregando modelo de embeddings 'paraphrase-multilingual-MiniLM-L12-v2' (baixa da internet se ainda não estiver em cache local -- pode demorar na primeira vez)...
[12:04:11] [SIGTAP] Servidor MCP iniciado, aguardando conexão via stdio...
[12:04:11] [TOOL] buscar_procedimento(termo='hemograma completo') iniciado
[12:04:11] [SIGTAP] Conectando ao Postgres em localhost:5432/sigtap (timeout=5s)...
[12:04:11] [SIGTAP] Conectado. Carregando tabela...
[12:04:11] [SIGTAP] Tabela carregada: 4994 procedimentos, 9 grupos, em 0.2s.
[12:04:11] [TOOL] buscar_procedimento(termo='hemograma completo') concluído em 0.34s -- nivel=nivel1, 1 resultado(s)
[12:04:21] [SIGTAP] Servidor MCP iniciado, aguardando conexão via stdio...
[12:04:21] [TOOL] buscar_procedimento(termo='hemocultura') iniciado
[12:04:21] [SIGTAP] Conectando ao Postgres em localhost:5432/sigtap (timeout=5s)...
[12:04:21] [SIGTAP] Conectado. Carregando tabela...
[12:04:21] [SIGTAP] Tabela carregada: 4994 procedimentos, 9 grupos, em 0.2s.
[12:04:21] [TOOL] buscar_procedimento(termo='hemocultura') concluído em 0.33s -- nivel=nivel1, 1 resultado(s)
[12:04:31] [SIGTAP] Servidor MCP iniciado, aguardando conexão via stdio...
[12:04:31] [TOOL] buscar_procedimento(termo='raio-x de tórax') iniciado
[12:04:31] [SIGTAP] Conectando ao Postgres em localhost:5432/sigtap (timeout=5s)...
[12:04:31] [SIGTAP] Conectado. Carregando tabela...
[12:04:31] [SIGTAP] Tabela carregada: 4994 procedimentos, 9 grupos, em 0.2s.
[12:04:31] [TOOL] buscar_procedimento(termo='raio-x de tórax') concluído em 0.35s -- nivel=nivel2, 12 resultado(s)
[12:04:41] [SIGTAP] Servidor MCP iniciado, aguardando conexão via stdio...
[12:04:41] [TOOL] buscar_procedimento(termo='Cateter venoso central') iniciado
[12:04:41] [SIGTAP] Conectando ao Postgres em localhost:5432/sigtap (timeout=5s)...
[12:04:41] [SIGTAP] Conectado. Carregando tabela...
[12:04:41] [SIGTAP] Tabela carregada: 4994 procedimentos, 9 grupos, em 0.2s.
[12:04:41] [TOOL] buscar_procedimento(termo='Cateter venoso central') concluído em 0.34s -- nivel=nivel1, 4 resultado(s)
[12:04:51] [SIGTAP] Servidor MCP iniciado, aguardando conexão via stdio...
[12:05:01] [SIGTAP] Servidor MCP iniciado, aguardando conexão via stdio...
[12:05:01] [TOOL] buscar_procedimento(termo='eletrocardiograma') iniciado
[12:05:01] [SIGTAP] Conectando ao Postgres em localhost:5432/sigtap (timeout=5s)...
[12:05:01] [SIGTAP] Conectado. Carregando tabela...
[12:05:01] [SIGTAP] Tabela carregada: 4994 procedimentos, 9 grupos, em 0.2s.
[12:05:01] [TOOL] buscar_procedimento(termo='eletrocardiograma') concluído em 0.31s -- nivel=nivel1, 4 resultado(s)
[12:05:11] [SIGTAP] Servidor MCP iniciado, aguardando conexão via stdio...
[12:05:11] [TOOL] buscar_procedimento(termo='monitor cardíaco') iniciado
[12:05:11] [SIGTAP] Conectando ao Postgres em localhost:5432/sigtap (timeout=5s)...
[12:05:11] [SIGTAP] Conectado. Carregando tabela...
[12:05:11] [SIGTAP] Tabela carregada: 4994 procedimentos, 9 grupos, em 0.2s.
[12:05:11] [SIGTAP] 'monitor cardíaco' não bateu nos níveis 1/2 -- indo para busca semântica (pode ser lento na primeira chamada)...
[12:05:11] [SEMANTICO] Carregando modelo de embeddings 'paraphrase-multilingual-MiniLM-L12-v2' (baixa da internet se ainda não estiver em cache local -- pode demorar na primeira vez)...
[12:07:28] [SIGTAP] Servidor MCP iniciado, aguardando conexão via stdio...
[12:07:28] [TOOL] buscar_procedimento(termo='troponina') iniciado
[12:07:28] [SIGTAP] Conectando ao Postgres em localhost:5432/sigtap (timeout=5s)...
[12:07:28] [SIGTAP] Conectado. Carregando tabela...
[12:07:28] [SIGTAP] Tabela carregada: 4994 procedimentos, 9 grupos, em 0.6s.
[12:07:29] [TOOL] buscar_procedimento(termo='troponina') concluído em 0.86s -- nivel=nivel1, 1 resultado(s)
[12:07:54] [SIGTAP] Servidor MCP iniciado, aguardando conexão via stdio...
[12:07:54] [TOOL] buscar_procedimento(termo='CK-MB') iniciado
[12:07:54] [SIGTAP] Conectando ao Postgres em localhost:5432/sigtap (timeout=5s)...
[12:07:54] [SIGTAP] Conectado. Carregando tabela...
[12:07:55] [SIGTAP] Tabela carregada: 4994 procedimentos, 9 grupos, em 0.6s.
[12:07:55] [SIGTAP] 'CK-MB' não bateu nos níveis 1/2 -- indo para busca semântica (pode ser lento na primeira chamada)...
[12:07:55] [SEMANTICO] Carregando modelo de embeddings 'paraphrase-multilingual-MiniLM-L12-v2' (baixa da internet se ainda não estiver em cache local -- pode demorar na primeira vez)...
[12:09:55] [SIGTAP] Servidor MCP iniciado, aguardando conexão via stdio...
[12:09:55] [TOOL] buscar_procedimento(termo='gasometria arterial') iniciado
[12:09:55] [SIGTAP] Conectando ao Postgres em localhost:5432/sigtap (timeout=5s)...
[12:09:55] [SIGTAP] Conectado. Carregando tabela...
[12:09:56] [SIGTAP] Tabela carregada: 4994 procedimentos, 9 grupos, em 0.7s.
[12:09:56] [TOOL] buscar_procedimento(termo='gasometria arterial') concluído em 1.12s -- nivel=nivel2, 21 resultado(s)
[12:10:20] [SIGTAP] Servidor MCP iniciado, aguardando conexão via stdio...
[12:10:20] [TOOL] buscar_procedimento(termo='adrenalina') iniciado
[12:10:20] [SIGTAP] Conectando ao Postgres em localhost:5432/sigtap (timeout=5s)...
[12:10:20] [SIGTAP] Conectado. Carregando tabela...
[12:10:21] [SIGTAP] Tabela carregada: 4994 procedimentos, 9 grupos, em 0.6s.
[12:10:21] [SIGTAP] 'adrenalina' não bateu nos níveis 1/2 -- indo para busca semântica (pode ser lento na primeira chamada)...
[12:10:21] [SEMANTICO] Carregando modelo de embeddings 'paraphrase-multilingual-MiniLM-L12-v2' (baixa da internet se ainda não estiver em cache local -- pode demorar na primeira vez)...
[12:12:35] [SIGTAP] Servidor MCP iniciado, aguardando conexão via stdio...
[12:12:49] [SIGTAP] Servidor MCP iniciado, aguardando conexão via stdio...
[12:12:49] [TOOL] buscar_procedimento(termo='intubação orotraqueal') iniciado
[12:12:49] [SIGTAP] Conectando ao Postgres em localhost:5432/sigtap (timeout=5s)...
[12:12:49] [SIGTAP] Conectado. Carregando tabela...
[12:12:49] [SIGTAP] Tabela carregada: 4994 procedimentos, 9 grupos, em 0.2s.
[12:12:49] [SIGTAP] 'intubação orotraqueal' não bateu nos níveis 1/2 -- indo para busca semântica (pode ser lento na primeira chamada)...
[12:12:49] [SEMANTICO] Carregando modelo de embeddings 'paraphrase-multilingual-MiniLM-L12-v2' (baixa da internet se ainda não estiver em cache local -- pode demorar na primeira vez)...
[12:15:46] [SIGTAP] Servidor MCP iniciado, aguardando conexão via stdio...
[12:15:47] [SIGTAP] Conectando ao Postgres em localhost:5432/sigtap (timeout=5s)...
[12:15:48] [SIGTAP] Tabela carregada: 4994 procedimentos, 9 grupos, em 0.9s.
[12:15:48] [SIGTAP] 'intubação orotraqueal' não bateu nos níveis 1/2 -- busca semântica...
[12:15:48] [SEMANTICO] Carregando modelo 'paraphrase-multilingual-MiniLM-L12-v2' (HF_HUB_OFFLINE=1) -- ~20s, uma vez por processo...
[12:18:55] [SEMANTICO] Modelo carregado em 186.7s.
[12:18:55] [SEMANTICO] Cache de embeddings em disco reaproveitado (4994 linhas).
[12:18:55] [SEMANTICO] melhor similaridade para 'intubacao orotraqueal': 0.616 (limiar 0.62) -> EMBRIOTOMIA
[12:18:55] [SIGTAP] Busca semântica de 'intubação orotraqueal' levou 187.01s.
[12:18:55] [TOOL] 'intubação orotraqueal' -> nivel=vazio, 0 resultado(s), 188.37s
[12:18:55] [TOOL] 'ventilação mecânica invasiva' -> nivel=nivel1, 1 resultado(s), 0.04s
[12:18:55] [SIGTAP] 'sedoanalgesia' não bateu nos níveis 1/2 -- busca semântica...
[12:18:55] [SEMANTICO] melhor similaridade para 'sedoanalgesia': 0.692 (limiar 0.62) -> LOMBOTOMIA
[12:18:55] [SIGTAP] Busca semântica de 'sedoanalgesia' levou 0.04s.
[12:18:55] [TOOL] 'sedoanalgesia' -> nivel=nivel_semantico, 1 resultado(s), 0.11s
[12:18:56] [TOOL] 'hemograma completo' -> nivel=nivel1, 1 resultado(s), 0.04s
[12:18:56] [TOOL] 'hemocultura' -> nivel=nivel1, 1 resultado(s), 0.04s
[12:18:56] [TOOL] 'raio-x de tórax' -> nivel=nivel2, 12 resultado(s), 0.07s
[12:18:56] [TOOL] 'Cateter venoso central' -> nivel=nivel1, 4 resultado(s), 0.02s
[12:18:57] [TOOL] 'eletrocardiograma' -> nivel=nivel1, 4 resultado(s), 0.03s
[12:18:57] [SIGTAP] 'monitor cardíaco' não bateu nos níveis 1/2 -- busca semântica...
[12:18:57] [SEMANTICO] melhor similaridade para 'monitor cardiaco': 0.822 (limiar 0.62) -> OCI AVALIAÇÃO CARDIOLÓGICA
[12:18:57] [SIGTAP] Busca semântica de 'monitor cardíaco' levou 0.03s.
[12:18:57] [TOOL] 'monitor cardíaco' -> nivel=nivel_semantico, 1 resultado(s), 0.10s
[12:18:57] [TOOL] 'troponina' -> nivel=nivel1, 1 resultado(s), 0.02s
[12:18:57] [SIGTAP] 'CK-MB' não bateu nos níveis 1/2 -- busca semântica...
[12:18:57] [SEMANTICO] melhor similaridade para 'ck mb': 0.476 (limiar 0.62) -> CINTILOGRAFIA DE RIM C/ GALIO 67
[12:18:57] [SIGTAP] Busca semântica de 'CK-MB' levou 0.03s.
[12:18:57] [TOOL] 'CK-MB' -> nivel=vazio, 0 resultado(s), 0.10s
[12:18:57] [TOOL] 'gasometria arterial' -> nivel=nivel2, 21 resultado(s), 0.07s
[12:18:57] [SIGTAP] 'adrenalina' não bateu nos níveis 1/2 -- busca semântica...
[12:18:57] [SEMANTICO] melhor similaridade para 'adrenalina': 0.575 (limiar 0.62) -> CARDIOVERSAO ELETRICA
[12:18:57] [SIGTAP] Busca semântica de 'adrenalina' levou 0.03s.
[12:18:57] [TOOL] 'adrenalina' -> nivel=vazio, 0 resultado(s), 0.09s
[12:18:57] [TOOL] 'ecocardiograma à beira leito' -> nivel=nivel2, 2 resultado(s), 0.08s
[12:18:57] [SIGTAP] 'noradrenalina' não bateu nos níveis 1/2 -- busca semântica...
[12:18:57] [SEMANTICO] melhor similaridade para 'noradrenalina': 0.613 (limiar 0.62) -> NEFRORRAFIA
[12:18:57] [SIGTAP] Busca semântica de 'noradrenalina' levou 0.03s.
[12:18:57] [TOOL] 'noradrenalina' -> nivel=vazio, 0 resultado(s), 0.10s
[12:18:57] [TOOL] 'Sondagem vesical de demora' -> nivel=nivel2, 16 resultado(s), 0.08s
[12:18:57] [TOOL] 'tomografia computadorizada de crânio' -> nivel=nivel1, 1 resultado(s), 0.03s
[12:18:58] [TOOL] 'laparotomia exploradora' -> nivel=nivel1, 2 resultado(s), 0.04s
[12:18:58] [TOOL] 'drenagem de abscesso' -> nivel=nivel1, 18 resultado(s), 0.03s
[12:18:58] [SIGTAP] 'vancomicina' não bateu nos níveis 1/2 -- busca semântica...
[12:18:58] [SEMANTICO] melhor similaridade para 'vancomicina': 0.616 (limiar 0.62) -> TENOMIORRAFIA
[12:18:58] [SIGTAP] Busca semântica de 'vancomicina' levou 0.05s.
[12:18:58] [TOOL] 'vancomicina' -> nivel=vazio, 0 resultado(s), 0.13s
[12:18:58] [TOOL] 'lactato' -> nivel=nivel1, 2 resultado(s), 0.03s
[12:18:59] [TOOL] 'PCR' -> nivel=nivel1, 5 resultado(s), 0.04s
[12:18:59] [SIGTAP] 'procalcitonina' não bateu nos níveis 1/2 -- busca semântica...
[12:18:59] [SEMANTICO] melhor similaridade para 'procalcitonina': 0.724 (limiar 0.62) -> APLICAÇÃO DE COMPLEXO PROTROMBÍNICO PARCIALMENTE ATIVADO
[12:18:59] [SIGTAP] Busca semântica de 'procalcitonina' levou 0.04s.
[12:18:59] [TOOL] 'procalcitonina' -> nivel=nivel_semantico, 1 resultado(s), 0.11s
[12:18:59] [TOOL] 'ultrassom abdominal' -> nivel=nivel2, 25 resultado(s), 0.09s
[12:18:59] [TOOL] 'cateter arterial' -> nivel=nivel1, 1 resultado(s), 0.03s
[12:18:59] [SIGTAP] 'Hemotransfusão' não bateu nos níveis 1/2 -- busca semântica...
[12:18:59] [SEMANTICO] melhor similaridade para 'hemotransfusao': 0.839 (limiar 0.62) -> HEMOFILTRAÇÃO
[12:18:59] [SIGTAP] Busca semântica de 'Hemotransfusão' levou 0.04s.
[12:18:59] [TOOL] 'Hemotransfusão' -> nivel=nivel_semantico, 1 resultado(s), 0.09s
[12:18:59] [TOOL] 'curativo' -> nivel=nivel1, 8 resultado(s), 0.03s
[12:18:59] [TOOL] 'dreno abdominal' -> nivel=nivel2, 26 resultado(s), 0.07s
[12:19:00] [SIGTAP] 'manitol' não bateu nos níveis 1/2 -- busca semântica...
[12:19:00] [SEMANTICO] melhor similaridade para 'manitol': 0.758 (limiar 0.62) -> PIELOSTOMIA
[12:19:00] [SIGTAP] Busca semântica de 'manitol' levou 0.03s.
[12:19:00] [TOOL] 'manitol' -> nivel=nivel_semantico, 1 resultado(s), 0.07s
[12:19:00] [TOOL] 'dexametasona' -> nivel=nivel1, 1 resultado(s), 0.03s
[12:19:00] [SIGTAP] 'Fisioterapia motora' não bateu nos níveis 1/2 -- busca semântica...
[12:19:00] [SEMANTICO] melhor similaridade para 'fisioterapia motora': 0.833 (limiar 0.62) -> ATENDIMENTO FISIOTERAPÊUTICO NAS ALTERAÇÕES MOTORAS
[12:19:00] [SIGTAP] Busca semântica de 'Fisioterapia motora' levou 0.03s.
[12:19:00] [TOOL] 'Fisioterapia motora' -> nivel=nivel_semantico, 1 resultado(s), 0.11s
[12:19:00] [TOOL] 'líquido cefalorraquidiano' -> nivel=nivel2, 16 resultado(s), 0.06s
[12:19:00] [TOOL] 'eletroencefalograma' -> nivel=nivel1, 8 resultado(s), 0.03s
[12:19:00] [SIGTAP] 'Sonda nasoenteral' não bateu nos níveis 1/2 -- busca semântica...
[12:19:00] [SEMANTICO] melhor similaridade para 'sonda nasoenteral': 0.698 (limiar 0.62) -> ESCANEAMENTO INTRAORAL
[12:19:00] [SIGTAP] Busca semântica de 'Sonda nasoenteral' levou 0.03s.
[12:19:00] [TOOL] 'Sonda nasoenteral' -> nivel=nivel_semantico, 1 resultado(s), 0.09s
[12:19:01] [TOOL] 'hemodiálise' -> nivel=nivel1, 13 resultado(s), 0.02s
[12:19:01] [TOOL] 'cateter de duplo lúmen' -> nivel=nivel1, 7 resultado(s), 0.03s
[12:19:01] [TOOL] 'ureia' -> nivel=nivel1, 2 resultado(s), 0.02s
[12:19:01] [TOOL] 'creatinina' -> nivel=nivel1, 3 resultado(s), 0.03s
[12:19:01] [TOOL] 'bicarbonato de sódio' -> nivel=nivel2, 8 resultado(s), 0.05s
[12:19:01] [TOOL] 'ultrassom renal' -> nivel=nivel2, 19 resultado(s), 0.05s
[12:19:01] [TOOL] 'albumina humana' -> nivel=nivel1, 1 resultado(s), 0.02s
[12:19:02] [TOOL] 'curativo' -> nivel=nivel1, 8 resultado(s), 0.03s
[12:19:02] [SIGTAP] 'sulfadiazina de prata' não bateu nos níveis 1/2 -- busca semântica...
[12:19:02] [SEMANTICO] melhor similaridade para 'sulfadiazina de prata': 0.637 (limiar 0.62) -> SULFASSALAZINA 500 MG (POR COMPRIMIDO)
[12:19:02] [SIGTAP] Busca semântica de 'sulfadiazina de prata' levou 0.04s.
[12:19:02] [TOOL] 'sulfadiazina de prata' -> nivel=nivel_semantico, 1 resultado(s), 0.09s
[12:19:02] [TOOL] 'morfina' -> nivel=nivel1, 7 resultado(s), 0.03s
[12:19:02] [SIGTAP] 'cultura de ferida' não bateu nos níveis 1/2 -- busca semântica...
[12:19:02] [SEMANTICO] melhor similaridade para 'cultura de ferida': 0.627 (limiar 0.62) -> TRATAMENTO DE FERIDAS COM PLANTAS MEDICINAIS
[12:19:02] [SIGTAP] Busca semântica de 'cultura de ferida' levou 0.03s.
[12:19:02] [TOOL] 'cultura de ferida' -> nivel=nivel_semantico, 1 resultado(s), 0.09s
[12:19:02] [SIGTAP] 'swab de queimadura' não bateu nos níveis 1/2 -- busca semântica...
[12:19:02] [SEMANTICO] melhor similaridade para 'swab de queimadura': 0.671 (limiar 0.62) -> TRATAMENTO DE MEDIO QUEIMADO
[12:19:02] [SIGTAP] Busca semântica de 'swab de queimadura' levou 0.03s.
[12:19:02] [TOOL] 'swab de queimadura' -> nivel=nivel_semantico, 1 resultado(s), 0.09s
[12:19:02] [TOOL] 'enxertia de pele' -> nivel=nivel2, 24 resultado(s), 0.06s
[12:19:02] [TOOL] 'proteína C reativa' -> nivel=nivel1, 2 resultado(s), 0.03s
[12:19:02] [TOOL] 'albumina sérica' -> nivel=nivel2, 1 resultado(s), 0.06s
[12:19:03] [TOOL] 'alteplase' -> nivel=nivel1, 3 resultado(s), 0.02s
[12:19:03] [TOOL] 'tomografia computadorizada de crânio' -> nivel=nivel1, 1 resultado(s), 0.03s
[12:19:03] [TOOL] 'angiotomografia de vasos cerebrais' -> nivel=nivel2, 20 resultado(s), 0.09s
[12:19:03] [TOOL] 'cateter nasal de oxigênio' -> nivel=nivel2, 13 resultado(s), 0.08s
[12:19:03] [SIGTAP] 'coagulograma' não bateu nos níveis 1/2 -- busca semântica...
[12:19:04] [SEMANTICO] melhor similaridade para 'coagulograma': 0.774 (limiar 0.62) -> APLICACAO DE FATOR VIII DE COAGULACAO
[12:19:04] [SIGTAP] Busca semântica de 'coagulograma' levou 0.04s.
[12:19:04] [TOOL] 'coagulograma' -> nivel=nivel_semantico, 1 resultado(s), 0.10s
[12:19:04] [TOOL] 'perfil lipídico' -> nivel=nivel2, 6 resultado(s), 0.07s
[12:19:04] [SIGTAP] 'Fisioterapia neurológica' não bateu nos níveis 1/2 -- busca semântica...
[12:19:04] [SEMANTICO] melhor similaridade para 'fisioterapia neurologica': 0.821 (limiar 0.62) -> ATENDIMENTO FISIOTERAPÊUTICO NAS DESORDENS DO DESENVOLVIMENTO NEURO MO
[12:19:04] [SIGTAP] Busca semântica de 'Fisioterapia neurológica' levou 0.03s.
[12:19:04] [TOOL] 'Fisioterapia neurológica' -> nivel=nivel_semantico, 1 resultado(s), 0.12s
[12:19:04] [TOOL] 'Sonda vesical de demora' -> nivel=nivel2, 13 resultado(s), 0.11s
[12:19:04] [TOOL] 'Doppler transcraniano' -> nivel=nivel2, 5 resultado(s), 0.07s
[12:19:05] [TOOL] 'insulina regular' -> nivel=nivel2, 7 resultado(s), 0.06s
[12:19:05] [TOOL] 'bomba de infusão' -> nivel=nivel1, 4 resultado(s), 0.02s
[12:19:05] [SIGTAP] 'Reposição volêmica' não bateu nos níveis 1/2 -- busca semântica...
[12:19:05] [SEMANTICO] melhor similaridade para 'reposicao volemica': 0.825 (limiar 0.62) -> RESSECÇÃO DE EXOSTOSE
[12:19:05] [SIGTAP] Busca semântica de 'Reposição volêmica' levou 0.03s.
[12:19:05] [TOOL] 'Reposição volêmica' -> nivel=nivel_semantico, 1 resultado(s), 0.09s
[12:19:05] [TOOL] 'solução salina' -> nivel=nivel2, 46 resultado(s), 0.06s
[12:19:05] [TOOL] 'glicemia capilar' -> nivel=nivel1, 1 resultado(s), 0.02s
[12:19:05] [TOOL] 'gasometria venosa' -> nivel=nivel2, 22 resultado(s), 0.06s
[12:19:05] [SIGTAP] 'cetonemia' não bateu nos níveis 1/2 -- busca semântica...
[12:19:05] [SEMANTICO] melhor similaridade para 'cetonemia': 0.685 (limiar 0.62) -> PIELOLITOTOMIA
[12:19:05] [SIGTAP] Busca semântica de 'cetonemia' levou 0.03s.
[12:19:05] [TOOL] 'cetonemia' -> nivel=nivel_semantico, 1 resultado(s), 0.07s
[12:19:05] [TOOL] 'cloreto de potássio' -> nivel=nivel2, 3 resultado(s), 0.06s
[12:19:05] [TOOL] 'eletrocardiograma' -> nivel=nivel1, 4 resultado(s), 0.03s
[12:19:05] [SIGTAP] 'Monitor cardíaco' não bateu nos níveis 1/2 -- busca semântica...
[12:19:05] [SEMANTICO] melhor similaridade para 'monitor cardiaco': 0.822 (limiar 0.62) -> OCI AVALIAÇÃO CARDIOLÓGICA
[12:19:05] [SIGTAP] Busca semântica de 'Monitor cardíaco' levou 0.03s.
[12:19:05] [TOOL] 'Monitor cardíaco' -> nivel=nivel_semantico, 1 resultado(s), 0.10s
[12:19:05] [TOOL] 'hemograma completo' -> nivel=nivel1, 1 resultado(s), 0.03s
[12:19:06] [TOOL] 'ecocardiograma transesofágico' -> nivel=nivel2, 1 resultado(s), 0.06s
[12:19:06] [SIGTAP] 'cateter de Swan-Ganz' não bateu nos níveis 1/2 -- busca semântica...
[12:19:06] [SEMANTICO] melhor similaridade para 'cateter de swan ganz': 0.659 (limiar 0.62) -> EXERESE DE MAMILO
[12:19:06] [SIGTAP] Busca semântica de 'cateter de Swan-Ganz' levou 0.03s.
[12:19:06] [TOOL] 'cateter de Swan-Ganz' -> nivel=nivel_semantico, 1 resultado(s), 0.09s
[12:19:06] [SIGTAP] 'protamina' não bateu nos níveis 1/2 -- busca semântica...
[12:19:06] [SEMANTICO] melhor similaridade para 'protamina': 0.695 (limiar 0.62) -> AVALIAÇÃO FUNCIONAL MUSCULAR
[12:19:06] [SIGTAP] Busca semântica de 'protamina' levou 0.03s.
[12:19:06] [TOOL] 'protamina' -> nivel=nivel_semantico, 1 resultado(s), 0.08s
[12:19:07] [SIGTAP] 'heparina' não bateu nos níveis 1/2 -- busca semântica...
[12:19:07] [SEMANTICO] melhor similaridade para 'heparina': 0.832 (limiar 0.62) -> HEPATORRAFIA
[12:19:07] [SIGTAP] Busca semântica de 'heparina' levou 0.03s.
[12:19:07] [TOOL] 'heparina' -> nivel=nivel_semantico, 1 resultado(s), 0.08s
[12:19:07] [TOOL] 'raio-x de tórax' -> nivel=nivel2, 12 resultado(s), 0.06s
[12:19:07] [SIGTAP] 'Drenos mediastinais' não bateu nos níveis 1/2 -- busca semântica...
[12:19:07] [SEMANTICO] melhor similaridade para 'drenos mediastinais': 0.708 (limiar 0.62) -> MEDIASTINOTOMIA P/ DRENAGEM
[12:19:07] [SIGTAP] Busca semântica de 'Drenos mediastinais' levou 0.03s.
[12:19:07] [TOOL] 'Drenos mediastinais' -> nivel=nivel_semantico, 1 resultado(s), 0.10s
[12:19:07] [TOOL] 'Fisioterapia respiratória' -> nivel=nivel2, 2 resultado(s), 0.06s
[12:19:07] [TOOL] 'troponina' -> nivel=nivel1, 1 resultado(s), 0.02s
[12:19:07] [SIGTAP] 'coagulograma' não bateu nos níveis 1/2 -- busca semântica...
[12:19:07] [SEMANTICO] melhor similaridade para 'coagulograma': 0.774 (limiar 0.62) -> APLICACAO DE FATOR VIII DE COAGULACAO
[12:19:07] [SIGTAP] Busca semântica de 'coagulograma' levou 0.03s.
[12:19:07] [TOOL] 'coagulograma' -> nivel=nivel_semantico, 1 resultado(s), 0.08s
[12:19:08] [SIGTAP] 'oseltamivir' não bateu nos níveis 1/2 -- busca semântica...
[12:19:08] [SEMANTICO] melhor similaridade para 'oseltamivir': 0.794 (limiar 0.62) -> FUNDOSCOPIA
[12:19:08] [SIGTAP] Busca semântica de 'oseltamivir' levou 0.09s.
[12:19:08] [TOOL] 'oseltamivir' -> nivel=nivel_semantico, 1 resultado(s), 0.16s
[12:19:08] [SIGTAP] 'azitromicina' não bateu nos níveis 1/2 -- busca semântica...
[12:19:08] [SEMANTICO] melhor similaridade para 'azitromicina': 0.691 (limiar 0.62) -> ANASTOMOSE LINFOVENOSA
[12:19:08] [SIGTAP] Busca semântica de 'azitromicina' levou 0.03s.
[12:19:08] [TOOL] 'azitromicina' -> nivel=nivel_semantico, 1 resultado(s), 0.09s
[12:19:08] [TOOL] 'ventilação não invasiva' -> nivel=nivel1, 2 resultado(s), 0.03s
[12:19:08] [TOOL] 'máscara facial total' -> nivel=nivel2, 92 resultado(s), 0.09s
[12:19:08] [TOOL] 'painel viral respiratório' -> nivel=nivel2, 13 resultado(s), 0.08s
[12:19:08] [TOOL] 'raio-x de tórax' -> nivel=nivel2, 12 resultado(s), 0.05s
[12:19:08] [TOOL] 'tomografia de tórax' -> nivel=nivel1, 1 resultado(s), 0.02s
[12:19:08] [TOOL] 'metilprednisolona' -> nivel=nivel1, 3 resultado(s), 0.02s
[12:19:09] [TOOL] 'Fisioterapia respiratória' -> nivel=nivel2, 2 resultado(s), 0.06s
[12:19:09] [TOOL] 'nebulização' -> nivel=nivel1, 2 resultado(s), 0.02s
[12:19:09] [TOOL] 'broncodilatador' -> nivel=nivel1, 1 resultado(s), 0.02s
[12:19:09] [TOOL] 'lactato' -> nivel=nivel1, 2 resultado(s), 0.03s
[12:19:09] [TOOL] 'gasometria arterial' -> nivel=nivel2, 21 resultado(s), 0.06s
[14:21:10] [SIGTAP] Conectando ao Postgres em localhost:5432/sigtap (timeout=5s)...
[14:21:10] [SIGTAP] Tabela carregada: 4994 procedimentos, 9 grupos, em 0.5s.
[14:21:11] [SEMANTICO] Carregando modelo 'paraphrase-multilingual-MiniLM-L12-v2' (HF_HUB_OFFLINE=1) -- ~20s, uma vez por processo...
[14:21:19] [SEMANTICO] Modelo carregado em 7.8s.
[14:21:19] [SEMANTICO] Cache de embeddings reaproveitado (4994 linhas).
[14:21:19] [SEMANTICO] 'intubacao orotraqueal': melhor similaridade 0.616 (limiar 0.8) -> EMBRIOTOMIA
[14:21:19] [SEMANTICO] 'ventilacao mecanica invasiva': melhor similaridade 0.819 (limiar 0.8) -> AVALIAÇÃO DO PACIENTE EM VENTILAÇÃO MECÂNICA INVASIVADOMICILIAR
[14:21:19] [SEMANTICO] 'sedoanalgesia': melhor similaridade 0.692 (limiar 0.8) -> LOMBOTOMIA
[14:21:19] [SEMANTICO] 'hemograma completo': melhor similaridade 1.000 (limiar 0.8) -> HEMOGRAMA COMPLETO
[14:21:19] [SEMANTICO] 'raio x de torax': melhor similaridade 0.762 (limiar 0.8) -> RADIOGRAFIA DE TORAX (PA PADRAO OIT)
[14:21:19] [SEMANTICO] 'pcr': melhor similaridade 0.691 (limiar 0.8) -> PESQUISA DE SARS-COV-2 POR RT - PCR
[14:21:19] [SEMANTICO] 'coagulograma': melhor similaridade 0.708 (limiar 0.8) -> COLPOSCOPIA
[14:21:19] [SEMANTICO] 'procalcitonina': melhor similaridade 0.705 (limiar 0.8) -> DOSAGEM DE PROLACTINA
[14:21:19] [SEMANTICO] 'cetonemia': melhor similaridade 0.674 (limiar 0.8) -> CISTOCINTILOGRAFIA INDIRETA
[14:21:19] [SEMANTICO] 'ck mb': melhor similaridade 0.476 (limiar 0.8) -> CINTILOGRAFIA DE RIM C/ GALIO 67
[14:21:19] [SEMANTICO] 'gasometria arterial': melhor similaridade 0.775 (limiar 0.8) -> GASOMETRIA
[14:21:19] [SEMANTICO] 'liquido cefalorraquidiano': melhor similaridade 0.699 (limiar 0.8) -> REAÇÃO DE RIVALTA NO LÍQUIDO SINOVIAL E DERRAMES
[14:21:20] [SEMANTICO] 'perfil lipidico': melhor similaridade 0.757 (limiar 0.8) -> ELETROFORESE DE LIPOPROTEINAS
[14:21:20] [SEMANTICO] 'cateter venoso central': melhor similaridade 0.725 (limiar 0.8) -> CATETER VENOSO CENTRAL MONO LUMEN
[14:21:20] [SEMANTICO] 'cateter de swan ganz': melhor similaridade 0.639 (limiar 0.8) -> HASTE LISA TIPO LUQUE
[14:21:20] [SEMANTICO] 'cateter nasal de oxigenio': melhor similaridade 0.714 (limiar 0.8) -> PRÓTESE NASAL
[14:21:20] [SEMANTICO] 'sonda nasoenteral': melhor similaridade 0.604 (limiar 0.8) -> REPOSIÇÃO DE AASI EXTERNO INTRA-AURICULAR TIPO A
[14:21:20] [SEMANTICO] 'dreno abdominal': melhor similaridade 0.580 (limiar 0.8) -> CONJUNTO DE PLACA E BOLSA PARA OSTOMA INTESTINAL
[14:21:20] [SEMANTICO] 'mascara facial total': melhor similaridade 0.733 (limiar 0.8) -> PRÓTESE EXTENSA DA FACE (2/3 DA FACE)
[14:21:20] [SEMANTICO] 'heparina': melhor similaridade 0.498 (limiar 0.8) -> IMUNOGLOBULINA HUMANA ANTI-HEPATITE B (POR DOSE DE 500 UI)
[14:21:20] [SEMANTICO] 'protamina': melhor similaridade 0.377 (limiar 0.8) -> BOSENTANA 125MG (POR COMRIMIDO REVESTIDO)
[14:21:20] [SEMANTICO] 'manitol': melhor similaridade 0.653 (limiar 0.8) -> ABCIXIMABE
[14:21:20] [SEMANTICO] 'oseltamivir': melhor similaridade 0.679 (limiar 0.8) -> ABCIXIMABE
[14:21:20] [SEMANTICO] 'azitromicina': melhor similaridade 0.638 (limiar 0.8) -> AZATIOPRINA 50 MG (POR COMPRIMIDO)
[14:21:21] [SEMANTICO] 'vancomicina': melhor similaridade 0.529 (limiar 0.8) -> TERIFLUNOMIDA 14 MG (POR COMPRIMIDO)
[14:21:21] [SEMANTICO] 'noradrenalina': melhor similaridade 0.562 (limiar 0.8) -> CLORIDRATO DE TIROFIBANA
[14:21:21] [SEMANTICO] 'sulfadiazina de prata': melhor similaridade 0.637 (limiar 0.8) -> SULFASSALAZINA 500 MG (POR COMPRIMIDO)
[14:21:21] [SEMANTICO] 'solucao salina': melhor similaridade 0.642 (limiar 0.8) -> CLORIDRATO DE TIROFIBANA
[14:21:21] [SIGTAP] 'intubação orotraqueal' (categoria=PROCEDIMENTO): busca restrita a 2700 de 4994 procedimentos (grupos ['03', '04', '05']).
[14:21:21] [SEMANTICO] 'intubacao orotraqueal': melhor similaridade 0.616 (limiar 0.8) -> EMBRIOTOMIA
[14:21:21] [SIGTAP] 'ventilação mecânica invasiva' (categoria=PROCEDIMENTO): busca restrita a 2700 de 4994 procedimentos (grupos ['03', '04', '05']).
[14:21:21] [SIGTAP] 'sedoanalgesia' (categoria=PROCEDIMENTO): busca restrita a 2700 de 4994 procedimentos (grupos ['03', '04', '05']).
[14:21:21] [SEMANTICO] 'sedoanalgesia': melhor similaridade 0.692 (limiar 0.8) -> LOMBOTOMIA
[14:21:21] [SIGTAP] 'hemograma completo' (categoria=EXAME): busca restrita a 1105 de 4994 procedimentos (grupos ['02']).
[14:21:21] [SIGTAP] 'raio-x de tórax' (categoria=EXAME): busca restrita a 1105 de 4994 procedimentos (grupos ['02']).
[14:21:21] [SIGTAP] 'PCR' (categoria=EXAME): busca restrita a 1105 de 4994 procedimentos (grupos ['02']).
[14:21:21] [SIGTAP] 'coagulograma' (categoria=EXAME): busca restrita a 1105 de 4994 procedimentos (grupos ['02']).
[14:21:21] [SEMANTICO] 'coagulograma': melhor similaridade 0.708 (limiar 0.8) -> COLPOSCOPIA
[14:21:21] [SIGTAP] 'procalcitonina' (categoria=EXAME): busca restrita a 1105 de 4994 procedimentos (grupos ['02']).
[14:21:21] [SEMANTICO] 'procalcitonina': melhor similaridade 0.705 (limiar 0.8) -> DOSAGEM DE PROLACTINA
[14:21:21] [SIGTAP] 'cetonemia' (categoria=EXAME): busca restrita a 1105 de 4994 procedimentos (grupos ['02']).
[14:21:21] [SEMANTICO] 'cetonemia': melhor similaridade 0.674 (limiar 0.8) -> CISTOCINTILOGRAFIA INDIRETA
[14:21:21] [SIGTAP] 'CK-MB' (categoria=EXAME): busca restrita a 1105 de 4994 procedimentos (grupos ['02']).
[14:21:21] [SEMANTICO] 'ck mb': melhor similaridade 0.476 (limiar 0.8) -> CINTILOGRAFIA DE RIM C/ GALIO 67
[14:21:21] [SIGTAP] 'gasometria arterial' (categoria=EXAME): busca restrita a 1105 de 4994 procedimentos (grupos ['02']).
[14:21:21] [SIGTAP] 'líquido cefalorraquidiano' (categoria=EXAME): busca restrita a 1105 de 4994 procedimentos (grupos ['02']).
[14:21:21] [SEMANTICO] 'liquido cefalorraquidiano': melhor similaridade 0.699 (limiar 0.8) -> REAÇÃO DE RIVALTA NO LÍQUIDO SINOVIAL E DERRAMES
[14:21:21] [SIGTAP] 'perfil lipídico' (categoria=EXAME): busca restrita a 1105 de 4994 procedimentos (grupos ['02']).
[14:21:21] [SIGTAP] 'cateter venoso central' (categoria=MATERIAL): busca restrita a 540 de 4994 procedimentos (grupos ['07']).
[14:21:21] [SIGTAP] 'cateter de Swan-Ganz' (categoria=MATERIAL): busca restrita a 540 de 4994 procedimentos (grupos ['07']).
[14:21:21] [SEMANTICO] 'cateter de swan ganz': melhor similaridade 0.639 (limiar 0.8) -> HASTE LISA TIPO LUQUE
[14:21:21] [SIGTAP] 'cateter nasal de oxigênio' (categoria=MATERIAL): busca restrita a 540 de 4994 procedimentos (grupos ['07']).
[14:21:21] [SEMANTICO] 'cateter nasal de oxigenio': melhor similaridade 0.714 (limiar 0.8) -> PRÓTESE NASAL
[14:21:21] [SIGTAP] 'sonda nasoenteral' (categoria=MATERIAL): busca restrita a 540 de 4994 procedimentos (grupos ['07']).
[14:21:22] [SEMANTICO] 'sonda nasoenteral': melhor similaridade 0.604 (limiar 0.8) -> REPOSIÇÃO DE AASI EXTERNO INTRA-AURICULAR TIPO A
[14:21:22] [SIGTAP] 'dreno abdominal' (categoria=MATERIAL): busca restrita a 540 de 4994 procedimentos (grupos ['07']).
[14:21:22] [SEMANTICO] 'dreno abdominal': melhor similaridade 0.580 (limiar 0.8) -> CONJUNTO DE PLACA E BOLSA PARA OSTOMA INTESTINAL
[14:21:22] [SIGTAP] 'máscara facial total' (categoria=MATERIAL): busca restrita a 540 de 4994 procedimentos (grupos ['07']).
[14:21:22] [SEMANTICO] 'mascara facial total': melhor similaridade 0.733 (limiar 0.8) -> PRÓTESE EXTENSA DA FACE (2/3 DA FACE)
[14:21:22] [SIGTAP] 'heparina' (categoria=MEDICAMENTO): busca restrita a 404 de 4994 procedimentos (grupos ['06']).
[14:21:22] [SEMANTICO] 'heparina': melhor similaridade 0.498 (limiar 0.8) -> IMUNOGLOBULINA HUMANA ANTI-HEPATITE B (POR DOSE DE 500 UI)
[14:21:22] [SIGTAP] 'protamina' (categoria=MEDICAMENTO): busca restrita a 404 de 4994 procedimentos (grupos ['06']).
[14:21:22] [SEMANTICO] 'protamina': melhor similaridade 0.377 (limiar 0.8) -> BOSENTANA 125MG (POR COMRIMIDO REVESTIDO)
[14:21:22] [SIGTAP] 'manitol' (categoria=MEDICAMENTO): busca restrita a 404 de 4994 procedimentos (grupos ['06']).
[14:21:22] [SEMANTICO] 'manitol': melhor similaridade 0.653 (limiar 0.8) -> ABCIXIMABE
[14:21:22] [SIGTAP] 'oseltamivir' (categoria=MEDICAMENTO): busca restrita a 404 de 4994 procedimentos (grupos ['06']).
[14:21:22] [SEMANTICO] 'oseltamivir': melhor similaridade 0.679 (limiar 0.8) -> ABCIXIMABE
[14:21:22] [SIGTAP] 'azitromicina' (categoria=MEDICAMENTO): busca restrita a 404 de 4994 procedimentos (grupos ['06']).
[14:21:22] [SEMANTICO] 'azitromicina': melhor similaridade 0.638 (limiar 0.8) -> AZATIOPRINA 50 MG (POR COMPRIMIDO)
[14:21:22] [SIGTAP] 'vancomicina' (categoria=MEDICAMENTO): busca restrita a 404 de 4994 procedimentos (grupos ['06']).
[14:21:22] [SEMANTICO] 'vancomicina': melhor similaridade 0.529 (limiar 0.8) -> TERIFLUNOMIDA 14 MG (POR COMPRIMIDO)
[14:21:22] [SIGTAP] 'noradrenalina' (categoria=MEDICAMENTO): busca restrita a 404 de 4994 procedimentos (grupos ['06']).
[14:21:22] [SEMANTICO] 'noradrenalina': melhor similaridade 0.562 (limiar 0.8) -> CLORIDRATO DE TIROFIBANA
[14:21:22] [SIGTAP] 'sulfadiazina de prata' (categoria=MEDICAMENTO): busca restrita a 404 de 4994 procedimentos (grupos ['06']).
[14:21:22] [SEMANTICO] 'sulfadiazina de prata': melhor similaridade 0.637 (limiar 0.8) -> SULFASSALAZINA 500 MG (POR COMPRIMIDO)
[14:21:22] [SIGTAP] 'solução salina' (categoria=MEDICAMENTO): busca restrita a 404 de 4994 procedimentos (grupos ['06']).
[14:21:22] [SEMANTICO] 'solucao salina': melhor similaridade 0.642 (limiar 0.8) -> CLORIDRATO DE TIROFIBANA
[20:19:37] [SIGTAP] Conectando ao Postgres em localhost:5432/sigtap (timeout=5s)...
[20:19:38] [SIGTAP] Tabela carregada: 4994 procedimentos, 9 grupos, em 0.7s.
[20:19:38] [NIVEL0] Dicionário carregado: 36 sinônimo(s), 23 termo(s) não faturável(is).
[20:19:39] [SEMANTICO] Carregando modelo 'paraphrase-multilingual-MiniLM-L12-v2' (HF_HUB_OFFLINE=1) -- ~20s, uma vez por processo...
[20:19:49] [SEMANTICO] Modelo carregado em 10.3s.
[20:19:49] [SEMANTICO] Cache reaproveitado (4994 linhas).
[20:19:49] [SEMANTICO] 'trigliceridios': 0.713 (limiar 0.8) -> CORREÇÃO DE COR TRIATRIATUM
[20:19:50] [SEMANTICO] 'adrenalina': 0.575 (limiar 0.8) -> CARDIOVERSAO ELETRICA
[20:19:50] [SEMANTICO] 'azitromicina': 0.691 (limiar 0.8) -> ANASTOMOSE LINFOVENOSA
[20:19:50] [SEMANTICO] 'cateter de swan ganz': 0.659 (limiar 0.8) -> EXERESE DE MAMILO
[20:19:50] [SEMANTICO] 'cateter nasal de oxigenio': 0.714 (limiar 0.8) -> PRÓTESE NASAL
[20:19:51] [SEMANTICO] 'cloreto de potassio': 0.861 (limiar 0.8) -> DOSAGEM DE POTASSIO
[20:19:51] [SEMANTICO] 'drenos mediastinais': 0.708 (limiar 0.8) -> MEDIASTINOTOMIA P/ DRENAGEM
[20:19:51] [SEMANTICO] 'heparina': 0.832 (limiar 0.8) -> HEPATORRAFIA
[20:19:51] [SEMANTICO] 'intubacao orotraqueal': 0.616 (limiar 0.8) -> EMBRIOTOMIA
[20:19:51] [SEMANTICO] 'manitol': 0.758 (limiar 0.8) -> PIELOSTOMIA
[20:19:51] [SEMANTICO] 'mascara facial total': 0.733 (limiar 0.8) -> PRÓTESE EXTENSA DA FACE (2/3 DA FACE)
[20:19:51] [SEMANTICO] 'monitor cardiaco': 0.822 (limiar 0.8) -> OCI AVALIAÇÃO CARDIOLÓGICA
[20:19:52] [SEMANTICO] 'monitorizacao cardiaca': 0.854 (limiar 0.8) -> OCI AVALIAÇÃO CARDIOLÓGICA
[20:19:52] [SEMANTICO] 'noradrenalina': 0.613 (limiar 0.8) -> NEFRORRAFIA
[20:19:52] [SEMANTICO] 'oseltamivir': 0.794 (limiar 0.8) -> FUNDOSCOPIA
[20:19:52] [SEMANTICO] 'protamina': 0.695 (limiar 0.8) -> AVALIAÇÃO FUNCIONAL MUSCULAR
[20:19:52] [SEMANTICO] 'reposicao volemica': 0.825 (limiar 0.8) -> RESSECÇÃO DE EXOSTOSE
[20:19:52] [SEMANTICO] 'sedoanalgesia': 0.692 (limiar 0.8) -> LOMBOTOMIA
[20:19:52] [SEMANTICO] 'solucao salina': 0.745 (limiar 0.8) -> SUTURA DE ESCLERA
[20:19:52] [SEMANTICO] 'sonda nasoenteral': 0.698 (limiar 0.8) -> ESCANEAMENTO INTRAORAL
[20:19:52] [SEMANTICO] 'sulfadiazina de prata': 0.637 (limiar 0.8) -> SULFASSALAZINA 500 MG (POR COMPRIMIDO)
[20:19:52] [SEMANTICO] 'vancomicina': 0.616 (limiar 0.8) -> TENOMIORRAFIA
[20:39:43] [SIGTAP] Conectando ao Postgres em localhost:5432/sigtap (timeout=5s)...
[20:39:43] [SIGTAP] Tabela carregada: 4994 procedimentos, 9 grupos, em 0.5s.
[20:39:43] [NIVEL0] Dicionário carregado: 29 sinônimo(s), 23 termo(s) não faturável(is).
[21:08:18] [SIGTAP] Servidor MCP iniciado, aguardando conexão via stdio...
[21:08:24] [SIGTAP] Conectando ao Postgres em localhost:5432/sigtap (timeout=5s)...
[21:08:25] [SIGTAP] Tabela carregada: 4994 procedimentos, 9 grupos, em 0.7s.
[21:08:25] [NIVEL0] Dicionário carregado: 29 sinônimo(s), 23 termo(s) não faturável(is).
[21:08:25] [NIVEL0] 'intubáção orotraqueal' marcado como não faturável separadamente (procedimentos_embutidos).
[21:08:25] [TOOL] 'intubáção orotraqueal' (cat=PROCEDIMENTO) -> nao_faturavel, 0.86s
[21:08:25] [SIGTAP] 'ventilação mecânica invasiva' (cat=PROCEDIMENTO): busca restrita a 2700 de 4994 procedimentos.
[21:08:25] [TOOL] 'ventilação mecânica invasiva' (cat=PROCEDIMENTO) -> nivel1, score=0.333, confianca=media, painel=False, 1 resultado(s), 0.04s
[21:08:25] [SIGTAP] 'midazolam' (cat=MEDICAMENTO): busca restrita a 404 de 4994 procedimentos.
[21:08:25] [SEMANTICO] Carregando modelo 'paraphrase-multilingual-MiniLM-L12-v2' (HF_HUB_OFFLINE=1) -- ~20s, uma vez por processo...
[21:11:33] [SEMANTICO] Modelo carregado em 188.1s.
[21:11:33] [SEMANTICO] Cache reaproveitado (4994 linhas).
[21:11:34] [SEMANTICO] 'midazolam': 0.651 (limiar 0.8) -> ABCIXIMABE
[21:11:34] [TOOL] 'midazolam' (cat=MEDICAMENTO) -> vazio, 188.46s
[21:11:34] [SIGTAP] 'fentanil' (cat=MEDICAMENTO): busca restrita a 404 de 4994 procedimentos.
[21:11:34] [SEMANTICO] 'fentanil': 0.667 (limiar 0.8) -> MORFINA  DE LIBERACAO CONTROLADA 60 MG (POR CAPSULA)
[21:11:34] [TOOL] 'fentanil' (cat=MEDICAMENTO) -> vazio, 0.04s
[21:11:34] [NIVEL0] 'sedoanalgesia' marcado como não faturável separadamente (procedimentos_embutidos).
[21:11:34] [TOOL] 'sedoanalgesia' (cat=PROCEDIMENTO) -> nao_faturavel, 0.00s
[21:11:34] [SIGTAP] 'hemograma completo' (cat=EXAME): busca restrita a 1105 de 4994 procedimentos.
[21:11:34] [TOOL] 'hemograma completo' (cat=EXAME) -> nivel1, score=1.000, confianca=alta, painel=False, 1 resultado(s), 0.01s
[21:11:34] [SIGTAP] 'hemocultura' (cat=EXAME): busca restrita a 1105 de 4994 procedimentos.
[21:11:34] [TOOL] 'hemocultura' (cat=EXAME) -> nivel1, score=1.000, confianca=alta, painel=False, 1 resultado(s), 0.01s
[21:11:34] [SIGTAP] 'piperacilina-tazobactam' (cat=MEDICAMENTO): busca restrita a 404 de 4994 procedimentos.
[21:11:34] [SEMANTICO] 'piperacilina tazobactam': 0.661 (limiar 0.8) -> TAFAMIDIS 61 MG (POR CÁPSULA)
[21:11:34] [TOOL] 'piperacilina-tazobactam' (cat=MEDICAMENTO) -> vazio, 0.06s
[21:11:34] [SIGTAP] 'raio-x de tórax' (cat=EXAME): busca restrita a 1105 de 4994 procedimentos.
[21:11:34] [NIVEL0] 'raio-x de tórax' -> ['radiografia de torax']
[21:11:34] [TOOL] 'raio-x de tórax' (cat=EXAME) -> nivel0, score=1.000, confianca=alta, painel=False, 1 resultado(s), 0.02s
[21:11:34] [SIGTAP] 'Cateter venoso central' (cat=MATERIAL): busca restrita a 540 de 4994 procedimentos.
[21:11:34] [TOOL] 'Cateter venoso central' (cat=MATERIAL) -> nivel1, score=0.600, confianca=alta, painel=False, 4 resultado(s), 0.01s
[21:11:36] [SIGTAP] 'eletrocardiograma' (cat=EXAME): busca restrita a 1105 de 4994 procedimentos.
[21:11:36] [TOOL] 'eletrocardiograma' (cat=EXAME) -> nivel1, score=1.000, confianca=alta, painel=False, 3 resultado(s), 0.01s
[21:11:36] [NIVEL0] 'monitor cardíaco' marcado como não faturável separadamente (procedimentos_embutidos).
[21:11:36] [TOOL] 'monitor cardíaco' (cat=MATERIAL) -> nao_faturavel, 0.00s
[21:11:36] [SIGTAP] 'troponina' (cat=EXAME): busca restrita a 1105 de 4994 procedimentos.
[21:11:36] [TOOL] 'troponina' (cat=EXAME) -> nivel1, score=0.500, confianca=media, painel=False, 1 resultado(s), 0.01s
[21:11:36] [SIGTAP] 'CK-MB' (cat=EXAME): busca restrita a 1105 de 4994 procedimentos.
[21:11:36] [NIVEL0] 'CK-MB' -> ['creatinofosfoquinase fracao mb']
[21:11:36] [TOOL] 'CK-MB' (cat=EXAME) -> nivel0, score=1.000, confianca=alta, painel=False, 1 resultado(s), 0.01s
[21:11:36] [SIGTAP] 'gasometria arterial' (cat=EXAME): busca restrita a 1105 de 4994 procedimentos.
[21:11:36] [NIVEL0] 'gasometria arterial' -> ['gasometria']
[21:11:36] [TOOL] 'gasometria arterial' (cat=EXAME) -> nivel0, score=1.000, confianca=alta, painel=False, 1 resultado(s), 0.01s
[21:11:36] [NIVEL0] 'adrenalina' marcado como não faturável separadamente (medicamentos_uso_hospitalar).
[21:11:36] [TOOL] 'adrenalina' (cat=MEDICAMENTO) -> nao_faturavel, 0.00s
[21:11:36] [SIGTAP] 'ecocardiograma à beira leito' (cat=EXAME): busca restrita a 1105 de 4994 procedimentos.
[21:11:36] [SEMANTICO] 'ecocardiograma a beira leito': 0.844 (limiar 0.8) -> ECOCARDIOGRAFIA TRANSTORACICA
[21:11:36] [TOOL] 'ecocardiograma à beira leito' (cat=EXAME) -> nivel_semantico, score=0.844, confianca=baixa, painel=False, 1 resultado(s), 0.10s
[21:11:36] [NIVEL0] 'noradrenalina' marcado como não faturável separadamente (medicamentos_uso_hospitalar).
[21:11:36] [TOOL] 'noradrenalina' (cat=MEDICAMENTO) -> nao_faturavel, 0.00s
[21:11:36] [SIGTAP] 'Sondagem vesical de demora' (cat=MATERIAL): busca restrita a 540 de 4994 procedimentos.
[21:11:36] [NIVEL0] 'Sondagem vesical de demora' -> ['cateterismo vesical de demora']
[21:11:36] [SEMANTICO] 'cateterismo vesical de demora': 0.680 (limiar 0.8) -> HASTE DE DISTRACAO
[21:11:36] [NIVEL0] AVISO: alvo 'cateterismo vesical de demora' não resolveu no SIGTAP (rode validar_sinonimos.py).
[21:11:37] [SEMANTICO] 'sondagem vesical de demora': 0.614 (limiar 0.8) -> HASTE DE DISTRACAO
[21:11:37] [TOOL] 'Sondagem vesical de demora' (cat=MATERIAL) -> vazio, 0.18s
[21:11:37] [SIGTAP] 'tomografia computadorizada de crânio' (cat=EXAME): busca restrita a 1105 de 4994 procedimentos.
[21:11:37] [TOOL] 'tomografia computadorizada de crânio' (cat=EXAME) -> nivel1, score=1.000, confianca=alta, painel=False, 1 resultado(s), 0.02s
[21:11:38] [SIGTAP] 'laparotomia exploradora' (cat=PROCEDIMENTO): busca restrita a 2700 de 4994 procedimentos.
[21:11:38] [TOOL] 'laparotomia exploradora' (cat=PROCEDIMENTO) -> nivel1, score=1.000, confianca=alta, painel=False, 2 resultado(s), 0.02s
[21:11:38] [SIGTAP] 'drenagem de abscesso' (cat=PROCEDIMENTO): busca restrita a 2700 de 4994 procedimentos.
[21:11:38] [TOOL] 'drenagem de abscesso' (cat=PROCEDIMENTO) -> nivel1, score=1.000, confianca=alta, painel=False, 18 resultado(s), 0.02s
[21:11:38] [NIVEL0] 'vancomicina' marcado como não faturável separadamente (medicamentos_uso_hospitalar).
[21:11:38] [TOOL] 'vancomicina' (cat=MEDICAMENTO) -> nao_faturavel, 0.00s
[21:11:38] [SIGTAP] 'lactato' (cat=EXAME): busca restrita a 1105 de 4994 procedimentos.
[21:11:38] [TOOL] 'lactato' (cat=EXAME) -> nivel1, score=0.500, confianca=media, painel=False, 2 resultado(s), 0.01s
[21:11:38] [SIGTAP] 'PCR' (cat=EXAME): busca restrita a 1105 de 4994 procedimentos.
[21:11:38] [NIVEL0] 'PCR' -> ['proteina c reativa']
[21:11:38] [TOOL] 'PCR' (cat=EXAME) -> nivel0, score=1.000, confianca=alta, painel=False, 1 resultado(s), 0.01s
[21:11:38] [SIGTAP] 'procalcitonina' (cat=EXAME): busca restrita a 1105 de 4994 procedimentos.
[21:11:38] [SEMANTICO] 'procalcitonina': 0.705 (limiar 0.8) -> DOSAGEM DE PROLACTINA
[21:11:38] [TOOL] 'procalcitonina' (cat=EXAME) -> vazio, 0.08s
[21:11:38] [SIGTAP] 'ultrassom abdominal' (cat=EXAME): busca restrita a 1105 de 4994 procedimentos.
[21:11:38] [NIVEL0] 'ultrassom abdominal' -> ['ultrassonografia de abdomen total']
[21:11:38] [TOOL] 'ultrassom abdominal' (cat=EXAME) -> nivel0, score=1.000, confianca=alta, painel=False, 1 resultado(s), 0.01s
[21:11:38] [SIGTAP] 'cateter arterial' (cat=MATERIAL): busca restrita a 540 de 4994 procedimentos.
[21:11:38] [TOOL] 'cateter arterial' (cat=MATERIAL) -> nivel1, score=0.400, confianca=media, painel=False, 1 resultado(s), 0.01s
[21:11:38] [SIGTAP] 'Hemotransfusão' (cat=PROCEDIMENTO): busca restrita a 2700 de 4994 procedimentos.
[21:11:38] [SEMANTICO] 'hemotransfusao': 0.839 (limiar 0.8) -> HEMOFILTRAÇÃO
[21:11:38] [TOOL] 'Hemotransfusão' (cat=PROCEDIMENTO) -> nivel_semantico, score=0.839, confianca=baixa, painel=False, 1 resultado(s), 0.09s
[21:11:38] [SIGTAP] 'curativo' (cat=PROCEDIMENTO): busca restrita a 2700 de 4994 procedimentos.
[21:11:39] [TOOL] 'curativo' (cat=PROCEDIMENTO) -> nivel1, score=0.500, confianca=media, painel=False, 8 resultado(s), 0.03s
[21:11:39] [NIVEL0] 'dreno abdominal' marcado como não faturável separadamente (materiais_descartaveis).
[21:11:39] [TOOL] 'dreno abdominal' (cat=MATERIAL) -> nao_faturavel, 0.00s
[21:11:40] [NIVEL0] 'manitol' marcado como não faturável separadamente (medicamentos_uso_hospitalar).
[21:11:40] [TOOL] 'manitol' (cat=MEDICAMENTO) -> nao_faturavel, 0.00s
[21:11:40] [SIGTAP] 'dexametasona' (cat=MEDICAMENTO): busca restrita a 404 de 4994 procedimentos.
[21:11:40] [SEMANTICO] 'dexametasona': 0.504 (limiar 0.8) -> CLORIDRATO DE TIROFIBANA
[21:11:40] [TOOL] 'dexametasona' (cat=MEDICAMENTO) -> vazio, 0.05s
[21:11:40] [SIGTAP] 'Fisioterapia motora' (cat=PROCEDIMENTO): busca restrita a 2700 de 4994 procedimentos.
[21:11:40] [SEMANTICO] 'fisioterapia motora': 0.833 (limiar 0.8) -> ATENDIMENTO FISIOTERAPÊUTICO NAS ALTERAÇÕES MOTORAS
[21:11:40] [TOOL] 'Fisioterapia motora' (cat=PROCEDIMENTO) -> nivel_semantico, score=0.833, confianca=baixa, painel=False, 1 resultado(s), 0.08s
[21:11:40] [SIGTAP] 'líquido cefalorraquidiano' (cat=EXAME): busca restrita a 1105 de 4994 procedimentos.
[21:11:40] [NIVEL0] 'líquido cefalorraquidiano' -> ['celulas no liquor']
[21:11:40] [TOOL] 'líquido cefalorraquidiano' (cat=EXAME) -> nivel0, score=1.000, confianca=alta, painel=False, 1 resultado(s), 0.01s
[21:11:40] [SIGTAP] 'eletroencefalograma' (cat=EXAME): busca restrita a 1105 de 4994 procedimentos.
[21:11:40] [TOOL] 'eletroencefalograma' (cat=EXAME) -> nivel1, score=0.250, confianca=media, painel=False, 5 resultado(s), 0.01s
[21:11:40] [NIVEL0] 'Sonda nasoenteral' marcado como não faturável separadamente (materiais_descartaveis).
[21:11:40] [TOOL] 'Sonda nasoenteral' (cat=MATERIAL) -> nao_faturavel, 0.00s
[21:11:41] [SIGTAP] 'hemodiálise' (cat=PROCEDIMENTO): busca restrita a 2700 de 4994 procedimentos.
[21:11:41] [TOOL] 'hemodiálise' (cat=PROCEDIMENTO) -> nivel1, score=0.500, confianca=media, painel=False, 10 resultado(s), 0.02s
[21:11:41] [SIGTAP] 'cateter de duplo lúmen' (cat=MATERIAL): busca restrita a 540 de 4994 procedimentos.
[21:11:41] [TOOL] 'cateter de duplo lúmen' (cat=MATERIAL) -> nivel1, score=0.600, confianca=alta, painel=False, 4 resultado(s), 0.01s
[21:11:41] [SIGTAP] 'ureia' (cat=EXAME): busca restrita a 1105 de 4994 procedimentos.
[21:11:41] [TOOL] 'ureia' (cat=EXAME) -> nivel1, score=0.500, confianca=media, painel=False, 2 resultado(s), 0.01s
[21:11:41] [SIGTAP] 'creatinina' (cat=EXAME): busca restrita a 1105 de 4994 procedimentos.
[21:11:41] [TOOL] 'creatinina' (cat=EXAME) -> nivel1, score=0.500, confianca=media, painel=False, 3 resultado(s), 0.01s
[21:11:41] [NIVEL0] 'bicarbonato de sódio' marcado como não faturável separadamente (medicamentos_uso_hospitalar).
[21:11:41] [TOOL] 'bicarbonato de sódio' (cat=MEDICAMENTO) -> nao_faturavel, 0.00s
[21:11:41] [SIGTAP] 'ultrassom renal' (cat=EXAME): busca restrita a 1105 de 4994 procedimentos.
[21:11:41] [NIVEL0] 'ultrassom renal' -> ['ultrassonografia de aparelho urinario']
[21:11:41] [TOOL] 'ultrassom renal' (cat=EXAME) -> nivel0, score=1.000, confianca=alta, painel=False, 1 resultado(s), 0.01s
[21:11:41] [SIGTAP] 'albumina humana' (cat=MEDICAMENTO): busca restrita a 404 de 4994 procedimentos.
[21:11:41] [TOOL] 'albumina humana' (cat=MEDICAMENTO) -> nivel1, score=0.286, confianca=media, painel=False, 1 resultado(s), 0.01s
[21:11:42] [SIGTAP] 'curativo' (cat=PROCEDIMENTO): busca restrita a 2700 de 4994 procedimentos.
[21:11:42] [TOOL] 'curativo' (cat=PROCEDIMENTO) -> nivel1, score=0.500, confianca=media, painel=False, 8 resultado(s), 0.02s
[21:11:42] [NIVEL0] 'sulfadiazina de prata' marcado como não faturável separadamente (medicamentos_uso_hospitalar).
[21:11:42] [TOOL] 'sulfadiazina de prata' (cat=MEDICAMENTO) -> nao_faturavel, 0.00s
[21:11:42] [SIGTAP] 'morfina' (cat=MEDICAMENTO): busca restrita a 404 de 4994 procedimentos.
[21:11:42] [TOOL] 'morfina' (cat=MEDICAMENTO) -> nivel1, score=0.333, confianca=media, painel=False, 7 resultado(s), 0.00s
[21:11:42] [SIGTAP] 'cultura de ferida' (cat=EXAME): busca restrita a 1105 de 4994 procedimentos.
[21:11:42] [SEMANTICO] 'cultura de ferida': 0.492 (limiar 0.8) -> ARTROGRAFIA
[21:11:42] [TOOL] 'cultura de ferida' (cat=EXAME) -> vazio, 0.07s
[21:11:42] [SIGTAP] 'swab de queimadura' (cat=EXAME): busca restrita a 1105 de 4994 procedimentos.
[21:11:42] [SEMANTICO] 'swab de queimadura': 0.514 (limiar 0.8) -> PREPARO DE COMPONENTES LAVADOS
[21:11:42] [TOOL] 'swab de queimadura' (cat=EXAME) -> vazio, 0.07s
[21:11:42] [SIGTAP] 'enxertia de pele' (cat=PROCEDIMENTO): busca restrita a 2700 de 4994 procedimentos.
[21:11:42] [TOOL] 'enxertia de pele' (cat=PROCEDIMENTO) -> nivel2, score=0.591, confianca=media, painel=False, 2 resultado(s), 0.05s
[21:11:42] [SIGTAP] 'proteína C reativa' (cat=EXAME): busca restrita a 1105 de 4994 procedimentos.
[21:11:42] [NIVEL0] 'proteína C reativa' -> ['proteina c reativa']
[21:11:42] [TOOL] 'proteína C reativa' (cat=EXAME) -> nivel0, score=1.000, confianca=alta, painel=False, 1 resultado(s), 0.01s
[21:11:42] [SIGTAP] 'albumina sérica' (cat=EXAME): busca restrita a 1105 de 4994 procedimentos.
[21:11:43] [SEMANTICO] 'albumina serica': 0.580 (limiar 0.8) -> FUNDOSCOPIA
[21:11:43] [TOOL] 'albumina sérica' (cat=EXAME) -> vazio, 0.07s
[21:11:45] [SIGTAP] 'alteplase' (cat=MEDICAMENTO): busca restrita a 404 de 4994 procedimentos.
[21:11:45] [TOOL] 'alteplase' (cat=MEDICAMENTO) -> nivel1, score=0.167, confianca=media, painel=False, 3 resultado(s), 0.00s
[21:11:45] [SIGTAP] 'tomografia computadorizada de crânio' (cat=EXAME): busca restrita a 1105 de 4994 procedimentos.
[21:11:45] [TOOL] 'tomografia computadorizada de crânio' (cat=EXAME) -> nivel1, score=1.000, confianca=alta, painel=False, 1 resultado(s), 0.01s
[21:11:45] [SIGTAP] 'angiotomografia de vasos cerebrais' (cat=EXAME): busca restrita a 1105 de 4994 procedimentos.
[21:11:45] [SEMANTICO] 'angiotomografia de vasos cerebrais': 0.916 (limiar 0.8) -> ANGIOGRAFIA CEREBRAL (4 VASOS)
[21:11:45] [TOOL] 'angiotomografia de vasos cerebrais' (cat=EXAME) -> nivel_semantico, score=0.916, confianca=media, painel=False, 1 resultado(s), 0.07s
[21:11:45] [NIVEL0] 'cateter nasal de oxigénio' marcado como não faturável separadamente (materiais_descartaveis).
[21:11:45] [TOOL] 'cateter nasal de oxigénio' (cat=MATERIAL) -> nao_faturavel, 0.00s
[21:11:45] [SIGTAP] 'coagulograma' (cat=EXAME): busca restrita a 1105 de 4994 procedimentos.
[21:11:45] [NIVEL0] 'coagulograma' -> ['tempo de protrombina', 'tempo de tromboplastina parcial ativada']
[21:11:45] [TOOL] 'coagulograma' (cat=EXAME) -> nivel0, score=1.000, confianca=alta, painel=True, 2 resultado(s), 0.02s
[21:11:45] [SIGTAP] 'perfil lipídico' (cat=EXAME): busca restrita a 1105 de 4994 procedimentos.
[21:11:45] [NIVEL0] 'perfil lipídico' -> ['colesterol total', 'triglicerideos', 'colesterol hdl']
[21:11:45] [TOOL] 'perfil lipídico' (cat=EXAME) -> nivel0, score=1.000, confianca=alta, painel=True, 3 resultado(s), 0.03s
[21:11:45] [SIGTAP] 'Fisioterapia neurológica' (cat=PROCEDIMENTO): busca restrita a 2700 de 4994 procedimentos.
[21:11:45] [SEMANTICO] 'fisioterapia neurologica': 0.821 (limiar 0.8) -> ATENDIMENTO FISIOTERAPÊUTICO NAS DESORDENS DO DESENVOLVIMENT
[21:11:45] [TOOL] 'Fisioterapia neurológica' (cat=PROCEDIMENTO) -> nivel_semantico, score=0.821, confianca=baixa, painel=False, 1 resultado(s), 0.09s
[21:11:45] [SIGTAP] 'Sonda vesical de demora' (cat=MATERIAL): busca restrita a 540 de 4994 procedimentos.
[21:11:45] [NIVEL0] 'Sonda vesical de demora' -> ['cateterismo vesical de demora']
[21:11:45] [SEMANTICO] 'cateterismo vesical de demora': 0.680 (limiar 0.8) -> HASTE DE DISTRACAO
[21:11:45] [NIVEL0] AVISO: alvo 'cateterismo vesical de demora' não resolveu no SIGTAP (rode validar_sinonimos.py).
[21:11:45] [SEMANTICO] 'sonda vesical de demora': 0.590 (limiar 0.8) -> HASTE INTRAMEDULAR RETROGRADA (INCLUI PARAFUSOS)
[21:11:45] [TOOL] 'Sonda vesical de demora' (cat=MATERIAL) -> vazio, 0.12s
[21:11:45] [SIGTAP] 'Doppler transcraniano' (cat=EXAME): busca restrita a 1105 de 4994 procedimentos.
[21:11:45] [SEMANTICO] 'doppler transcraniano': 0.535 (limiar 0.8) -> FOCALIZAÇÃO ISOELÉTRICA DA TRANSFERRINA
[21:11:45] [TOOL] 'Doppler transcraniano' (cat=EXAME) -> nivel3, score=1.000, confianca=baixa, painel=False, 1 resultado(s), 0.07s
[21:11:54] [SIGTAP] 'insulina regular' (cat=MEDICAMENTO): busca restrita a 404 de 4994 procedimentos.
[21:11:54] [SEMANTICO] 'insulina regular': 0.796 (limiar 0.8) -> INSULINA ANÁLOGA DE AÇÃO PROLONGADA DE 100 UI/ML
[21:11:54] [TOOL] 'insulina regular' (cat=MEDICAMENTO) -> vazio, 0.06s
[21:11:54] [SIGTAP] 'bomba de infusão' (cat=MATERIAL): busca restrita a 540 de 4994 procedimentos.
[21:11:54] [TOOL] 'bomba de infusão' (cat=MATERIAL) -> nivel1, score=0.286, confianca=media, painel=False, 1 resultado(s), 0.01s
[21:11:54] [NIVEL0] 'Reposição volémica' marcado como não faturável separadamente (procedimentos_embutidos).
[21:11:54] [TOOL] 'Reposição volémica' (cat=PROCEDIMENTO) -> nao_faturavel, 0.00s
[21:11:54] [NIVEL0] 'solução salina' marcado como não faturável separadamente (medicamentos_uso_hospitalar).
[21:11:54] [TOOL] 'solução salina' (cat=MEDICAMENTO) -> nao_faturavel, 0.00s
[21:11:54] [SIGTAP] 'glicemia capilar' (cat=EXAME): busca restrita a 1105 de 4994 procedimentos.
[21:11:54] [TOOL] 'glicemia capilar' (cat=EXAME) -> nivel1, score=1.000, confianca=alta, painel=False, 1 resultado(s), 0.01s
[21:11:54] [SIGTAP] 'gasometria venosa' (cat=EXAME): busca restrita a 1105 de 4994 procedimentos.
[21:11:54] [NIVEL0] 'gasometria venosa' -> ['gasometria']
[21:11:54] [TOOL] 'gasometria venosa' (cat=EXAME) -> nivel0, score=1.000, confianca=alta, painel=False, 1 resultado(s), 0.01s
[21:11:54] [SIGTAP] 'cetonemia' (cat=EXAME): busca restrita a 1105 de 4994 procedimentos.
[21:11:54] [NIVEL0] 'cetonemia' -> ['corpos cetonicos']
[21:11:54] [TOOL] 'cetonemia' (cat=EXAME) -> nivel0, score=1.000, confianca=alta, painel=False, 1 resultado(s), 0.01s
[21:11:54] [NIVEL0] 'cloreto de potássio' marcado como não faturável separadamente (medicamentos_uso_hospitalar).
[21:11:54] [TOOL] 'cloreto de potássio' (cat=MEDICAMENTO) -> nao_faturavel, 0.00s
[21:11:54] [SIGTAP] 'eletrocardiograma' (cat=EXAME): busca restrita a 1105 de 4994 procedimentos.
[21:11:54] [TOOL] 'eletrocardiograma' (cat=EXAME) -> nivel1, score=1.000, confianca=alta, painel=False, 3 resultado(s), 0.01s
[21:11:54] [NIVEL0] 'Monitor cardíaco' marcado como não faturável separadamente (procedimentos_embutidos).
[21:11:54] [TOOL] 'Monitor cardíaco' (cat=MATERIAL) -> nao_faturavel, 0.00s
[21:11:54] [SIGTAP] 'hemograma completo' (cat=EXAME): busca restrita a 1105 de 4994 procedimentos.
[21:11:54] [TOOL] 'hemograma completo' (cat=EXAME) -> nivel1, score=1.000, confianca=alta, painel=False, 1 resultado(s), 0.01s
[21:11:55] [SIGTAP] 'ecocardiograma transesofágico' (cat=EXAME): busca restrita a 1105 de 4994 procedimentos.
[21:11:55] [SEMANTICO] 'ecocardiograma transesofagico': 0.908 (limiar 0.8) -> ECOCARDIOGRAFIA TRANSESOFAGICA
[21:11:55] [TOOL] 'ecocardiograma transesofágico' (cat=EXAME) -> nivel_semantico, score=0.908, confianca=media, painel=False, 1 resultado(s), 0.05s
[21:11:55] [NIVEL0] 'cateter de Swan-Ganz' marcado como não faturável separadamente (materiais_descartaveis).
[21:11:55] [TOOL] 'cateter de Swan-Ganz' (cat=MATERIAL) -> nao_faturavel, 0.00s
[21:11:55] [NIVEL0] 'protamina' marcado como não faturável separadamente (medicamentos_uso_hospitalar).
[21:11:55] [TOOL] 'protamina' (cat=MEDICAMENTO) -> nao_faturavel, 0.00s
[21:11:55] [NIVEL0] 'heparina' marcado como não faturável separadamente (medicamentos_uso_hospitalar).
[21:11:55] [TOOL] 'heparina' (cat=MEDICAMENTO) -> nao_faturavel, 0.00s
[21:11:55] [SIGTAP] 'raio-x de tórax' (cat=EXAME): busca restrita a 1105 de 4994 procedimentos.
[21:11:55] [NIVEL0] 'raio-x de tórax' -> ['radiografia de torax']
[21:11:55] [TOOL] 'raio-x de tórax' (cat=EXAME) -> nivel0, score=1.000, confianca=alta, painel=False, 1 resultado(s), 0.01s
[21:11:55] [NIVEL0] 'Drenos mediastinais' marcado como não faturável separadamente (materiais_descartaveis).
[21:11:55] [TOOL] 'Drenos mediastinais' (cat=MATERIAL) -> nao_faturavel, 0.00s
[21:11:55] [SIGTAP] 'Fisioterapia respiratória' (cat=PROCEDIMENTO): busca restrita a 2700 de 4994 procedimentos.
[21:11:55] [SEMANTICO] 'fisioterapia respiratoria': 0.825 (limiar 0.8) -> TRATAMENTO DE OUTRAS DOENCAS DO APARELHO RESPIRATORIO
[21:11:55] [TOOL] 'Fisioterapia respiratória' (cat=PROCEDIMENTO) -> nivel_semantico, score=0.825, confianca=baixa, painel=False, 1 resultado(s), 0.08s
[21:11:55] [SIGTAP] 'troponina' (cat=EXAME): busca restrita a 1105 de 4994 procedimentos.
[21:11:55] [TOOL] 'troponina' (cat=EXAME) -> nivel1, score=0.500, confianca=media, painel=False, 1 resultado(s), 0.01s
[21:11:55] [SIGTAP] 'coagulograma' (cat=EXAME): busca restrita a 1105 de 4994 procedimentos.
[21:11:55] [NIVEL0] 'coagulograma' -> ['tempo de protrombina', 'tempo de tromboplastina parcial ativada']
[21:11:55] [TOOL] 'coagulograma' (cat=EXAME) -> nivel0, score=1.000, confianca=alta, painel=True, 2 resultado(s), 0.02s
[21:11:56] [NIVEL0] 'oseltamivir' marcado como não faturável separadamente (medicamentos_uso_hospitalar).
[21:11:56] [TOOL] 'oseltamivir' (cat=MEDICAMENTO) -> nao_faturavel, 0.00s
[21:11:56] [NIVEL0] 'azitromicina' marcado como não faturável separadamente (medicamentos_uso_hospitalar).
[21:11:56] [TOOL] 'azitromicina' (cat=MEDICAMENTO) -> nao_faturavel, 0.00s
[21:11:56] [SIGTAP] 'ventilação não invasiva' (cat=PROCEDIMENTO): busca restrita a 2700 de 4994 procedimentos.
[21:11:56] [TOOL] 'ventilação não invasiva' (cat=PROCEDIMENTO) -> nivel1, score=0.429, confianca=media, painel=False, 2 resultado(s), 0.02s
[21:11:56] [NIVEL0] 'máscara facial total' marcado como não faturável separadamente (materiais_descartaveis).
[21:11:56] [TOOL] 'máscara facial total' (cat=MATERIAL) -> nao_faturavel, 0.00s
[21:11:56] [SIGTAP] 'painel viral respiratório' (cat=EXAME): busca restrita a 1105 de 4994 procedimentos.
[21:11:56] [SEMANTICO] 'painel viral respiratorio': 0.771 (limiar 0.8) -> PESQUISA DE ANTICORPOS E/OU ANTIGENO DO VIRUS SINCICIAL RESP
[21:11:56] [TOOL] 'painel viral respiratório' (cat=EXAME) -> vazio, 0.06s
[21:11:56] [SIGTAP] 'raio-x de tórax' (cat=EXAME): busca restrita a 1105 de 4994 procedimentos.
[21:11:56] [NIVEL0] 'raio-x de tórax' -> ['radiografia de torax']
[21:11:56] [TOOL] 'raio-x de tórax' (cat=EXAME) -> nivel0, score=1.000, confianca=alta, painel=False, 1 resultado(s), 0.01s
[21:11:56] [SIGTAP] 'tomografia de tórax' (cat=EXAME): busca restrita a 1105 de 4994 procedimentos.
[21:11:56] [NIVEL0] 'tomografia de tórax' -> ['tomografia computadorizada de torax']
[21:11:56] [TOOL] 'tomografia de tórax' (cat=EXAME) -> nivel0, score=1.000, confianca=alta, painel=False, 1 resultado(s), 0.01s
[21:11:56] [SIGTAP] 'metilprednisolona' (cat=MEDICAMENTO): busca restrita a 404 de 4994 procedimentos.
[21:11:56] [TOOL] 'metilprednisolona' (cat=MEDICAMENTO) -> nivel1, score=0.200, confianca=media, painel=False, 3 resultado(s), 0.00s
[21:11:56] [SIGTAP] 'Fisioterapia respiratória' (cat=PROCEDIMENTO): busca restrita a 2700 de 4994 procedimentos.
[21:11:57] [SEMANTICO] 'fisioterapia respiratoria': 0.825 (limiar 0.8) -> TRATAMENTO DE OUTRAS DOENCAS DO APARELHO RESPIRATORIO
[21:11:57] [TOOL] 'Fisioterapia respiratória' (cat=PROCEDIMENTO) -> nivel_semantico, score=0.825, confianca=baixa, painel=False, 1 resultado(s), 0.07s
[21:11:57] [SIGTAP] 'nebulização' (cat=PROCEDIMENTO): busca restrita a 2700 de 4994 procedimentos.
[21:11:57] [TOOL] 'nebulização' (cat=PROCEDIMENTO) -> nivel1, score=0.500, confianca=media, painel=False, 1 resultado(s), 0.02s
[21:11:57] [SIGTAP] 'broncodilatador' (cat=MEDICAMENTO): busca restrita a 404 de 4994 procedimentos.
[21:11:57] [SEMANTICO] 'broncodilatador': 0.599 (limiar 0.8) -> BROMOCRIPTINA 2,5 MG (POR COMPRIMIDO)
[21:11:57] [TOOL] 'broncodilatador' (cat=MEDICAMENTO) -> vazio, 0.05s
[21:11:57] [SIGTAP] 'lactato' (cat=EXAME): busca restrita a 1105 de 4994 procedimentos.
[21:11:57] [TOOL] 'lactato' (cat=EXAME) -> nivel1, score=0.500, confianca=media, painel=False, 2 resultado(s), 0.01s
[21:11:57] [SIGTAP] 'gasometria arterial' (cat=EXAME): busca restrita a 1105 de 4994 procedimentos.
[21:11:57] [NIVEL0] 'gasometria arterial' -> ['gasometria']
[21:11:57] [TOOL] 'gasometria arterial' (cat=EXAME) -> nivel0, score=1.000, confianca=alta, painel=False, 1 resultado(s), 0.01s
[21:46:43] [SIGTAP] Servidor MCP iniciado, aguardando conexão via stdio...
[21:46:43] [SIGTAP] Conectando ao Postgres em localhost:5432/sigtap (timeout=5s)...
[21:46:44] [SIGTAP] Tabela carregada: 4994 procedimentos, 9 grupos, em 0.8s.
[21:46:44] [SEMANTICO] Cache reaproveitado (4994 linhas).
[21:46:44] [AQUECIMENTO] Concluído em 1.0s — buscas semânticas já respondem sem atraso inicial.
[21:46:48] [NIVEL0] Dicionário carregado: 29 sinônimo(s), 23 termo(s) não faturável(is).
[21:46:48] [NIVEL0] 'intubáção orotraqueal' marcado como não faturável separadamente (procedimentos_embutidos).
[21:46:48] [TOOL] 'intubáção orotraqueal' (cat=PROCEDIMENTO) -> nao_faturavel, 0.00s
[21:46:48] [SIGTAP] 'ventilação mecânica invasiva' (cat=PROCEDIMENTO): busca restrita a 2700 de 4994 procedimentos.
[21:46:48] [TOOL] 'ventilação mecânica invasiva' (cat=PROCEDIMENTO) -> nivel1, score=0.333, confianca=media, painel=False, 1 resultado(s), 0.06s
[21:46:48] [SIGTAP] 'midazolam' (cat=MEDICAMENTO): busca restrita a 404 de 4994 procedimentos.
[21:46:48] [SEMANTICO] Carregando modelo 'paraphrase-multilingual-MiniLM-L12-v2' (HF_HUB_OFFLINE=1)...
[21:49:59] [SEMANTICO] Modelo carregado em 190.6s.
[21:50:11] [SEMANTICO] 'midazolam': 0.651 (limiar 0.8) -> ABCIXIMABE
[21:50:11] [TOOL] 'midazolam' (cat=MEDICAMENTO) -> vazio, 202.43s
[21:50:11] [SIGTAP] 'fentanil' (cat=MEDICAMENTO): busca restrita a 404 de 4994 procedimentos.
[21:50:11] [SEMANTICO] 'fentanil': 0.667 (limiar 0.8) -> MORFINA  DE LIBERACAO CONTROLADA 60 MG (POR CAPSULA)
[21:50:11] [TOOL] 'fentanil' (cat=MEDICAMENTO) -> vazio, 0.06s
[21:50:11] [NIVEL0] 'sedoanalgesia' marcado como não faturável separadamente (procedimentos_embutidos).
[21:50:11] [TOOL] 'sedoanalgesia' (cat=PROCEDIMENTO) -> nao_faturavel, 0.00s
[21:50:11] [SIGTAP] 'hemograma completo' (cat=EXAME): busca restrita a 1105 de 4994 procedimentos.
[21:50:11] [TOOL] 'hemograma completo' (cat=EXAME) -> nivel1, score=1.000, confianca=alta, painel=False, 1 resultado(s), 0.03s
[21:50:11] [SIGTAP] 'hemocultura' (cat=EXAME): busca restrita a 1105 de 4994 procedimentos.
[21:50:11] [TOOL] 'hemocultura' (cat=EXAME) -> nivel1, score=1.000, confianca=alta, painel=False, 1 resultado(s), 0.01s
[21:50:11] [SIGTAP] 'piperacilina-tazobactam' (cat=MEDICAMENTO): busca restrita a 404 de 4994 procedimentos.
[21:50:11] [SEMANTICO] 'piperacilina tazobactam': 0.661 (limiar 0.8) -> TAFAMIDIS 61 MG (POR CÁPSULA)
[21:50:11] [TOOL] 'piperacilina-tazobactam' (cat=MEDICAMENTO) -> vazio, 0.07s
[21:50:11] [NIVEL0] 'raio-x de tórax' -> ['radiografia de torax']
[21:50:11] [TOOL] 'raio-x de tórax' (cat=EXAME) -> nivel0, score=1.000, confianca=alta, painel=False, 1 resultado(s), 0.06s
[21:50:11] [SIGTAP] 'Cateter venoso central' (cat=MATERIAL): busca restrita a 540 de 4994 procedimentos.
[21:50:11] [TOOL] 'Cateter venoso central' (cat=MATERIAL) -> nivel1, score=0.600, confianca=alta, painel=False, 4 resultado(s), 0.01s
[21:50:12] [SIGTAP] 'eletrocardiograma' (cat=EXAME): busca restrita a 1105 de 4994 procedimentos.
[21:50:12] [TOOL] 'eletrocardiograma' (cat=EXAME) -> nivel1, score=1.000, confianca=alta, painel=False, 3 resultado(s), 0.01s
[21:50:12] [NIVEL0] 'monitor cardíaco' marcado como não faturável separadamente (procedimentos_embutidos).
[21:50:12] [TOOL] 'monitor cardíaco' (cat=MATERIAL) -> nao_faturavel, 0.00s
[21:50:12] [SIGTAP] 'troponina' (cat=EXAME): busca restrita a 1105 de 4994 procedimentos.
[21:50:12] [TOOL] 'troponina' (cat=EXAME) -> nivel1, score=0.500, confianca=media, painel=False, 1 resultado(s), 0.01s
[21:50:12] [NIVEL0] 'CK-MB' -> ['creatinofosfoquinase fracao mb']
[21:50:13] [TOOL] 'CK-MB' (cat=EXAME) -> nivel0, score=1.000, confianca=alta, painel=False, 1 resultado(s), 0.04s
[21:50:13] [NIVEL0] 'gasometria arterial' -> ['gasometria']
[21:50:13] [TOOL] 'gasometria arterial' (cat=EXAME) -> nivel0, score=1.000, confianca=alta, painel=False, 1 resultado(s), 0.03s
[21:50:13] [NIVEL0] 'adrenalina' marcado como não faturável separadamente (medicamentos_uso_hospitalar).
[21:50:13] [TOOL] 'adrenalina' (cat=MEDICAMENTO) -> nao_faturavel, 0.00s
[21:50:13] [SIGTAP] 'ecocardiograma à beira leito' (cat=EXAME): busca restrita a 1105 de 4994 procedimentos.
[21:50:13] [SEMANTICO] 'ecocardiograma a beira leito': 0.844 (limiar 0.8) -> ECOCARDIOGRAFIA TRANSTORACICA
[21:50:13] [TOOL] 'ecocardiograma à beira leito' (cat=EXAME) -> nivel_semantico, score=0.844, confianca=baixa, painel=False, 1 resultado(s), 0.07s
[21:50:13] [NIVEL0] 'noradrenalina' marcado como não faturável separadamente (medicamentos_uso_hospitalar).
[21:50:13] [TOOL] 'noradrenalina' (cat=MEDICAMENTO) -> nao_faturavel, 0.00s
[21:50:13] [NIVEL0] 'Sondagem vesical de demora' -> ['cateterismo vesical de demora']
[21:50:13] [TOOL] 'Sondagem vesical de demora' (cat=MATERIAL) -> nivel0, score=1.000, confianca=alta, painel=False, 1 resultado(s), 0.04s
[21:50:13] [SIGTAP] 'tomografia computadorizada de crânio' (cat=EXAME): busca restrita a 1105 de 4994 procedimentos.
[21:50:13] [TOOL] 'tomografia computadorizada de crânio' (cat=EXAME) -> nivel1, score=1.000, confianca=alta, painel=False, 1 resultado(s), 0.01s
[21:50:14] [SIGTAP] 'laparotomia exploradora' (cat=PROCEDIMENTO): busca restrita a 2700 de 4994 procedimentos.
[21:50:14] [TOOL] 'laparotomia exploradora' (cat=PROCEDIMENTO) -> nivel1, score=1.000, confianca=alta, painel=False, 2 resultado(s), 0.02s
[21:50:14] [SIGTAP] 'drenagem de abscesso' (cat=PROCEDIMENTO): busca restrita a 2700 de 4994 procedimentos.
[21:50:14] [TOOL] 'drenagem de abscesso' (cat=PROCEDIMENTO) -> nivel1, score=1.000, confianca=alta, painel=False, 18 resultado(s), 0.02s
[21:50:14] [NIVEL0] 'vancomicina' marcado como não faturável separadamente (medicamentos_uso_hospitalar).
[21:50:14] [TOOL] 'vancomicina' (cat=MEDICAMENTO) -> nao_faturavel, 0.00s
[21:50:14] [SIGTAP] 'lactato' (cat=EXAME): busca restrita a 1105 de 4994 procedimentos.
[21:50:14] [TOOL] 'lactato' (cat=EXAME) -> nivel1, score=0.500, confianca=media, painel=False, 2 resultado(s), 0.01s
[21:50:14] [NIVEL0] 'PCR' -> ['proteina c reativa']
[21:50:14] [TOOL] 'PCR' (cat=EXAME) -> nivel0, score=1.000, confianca=alta, painel=False, 1 resultado(s), 0.03s
[21:50:14] [SIGTAP] 'procalcitonina' (cat=EXAME): busca restrita a 1105 de 4994 procedimentos.
[21:50:14] [SEMANTICO] 'procalcitonina': 0.705 (limiar 0.8) -> DOSAGEM DE PROLACTINA
[21:50:14] [TOOL] 'procalcitonina' (cat=EXAME) -> vazio, 0.05s
[21:50:14] [NIVEL0] 'ultrassom abdominal' -> ['ultrassonografia de abdomen total']
[21:50:14] [TOOL] 'ultrassom abdominal' (cat=EXAME) -> nivel0, score=1.000, confianca=alta, painel=False, 1 resultado(s), 0.03s
[21:50:14] [SIGTAP] 'cateter arterial' (cat=MATERIAL): busca restrita a 540 de 4994 procedimentos.
[21:50:14] [TOOL] 'cateter arterial' (cat=MATERIAL) -> nivel1, score=0.400, confianca=media, painel=False, 1 resultado(s), 0.01s
[21:50:14] [SIGTAP] 'Hemotransfusão' (cat=PROCEDIMENTO): busca restrita a 2700 de 4994 procedimentos.
[21:50:14] [SEMANTICO] 'hemotransfusao': 0.839 (limiar 0.8) -> HEMOFILTRAÇÃO
[21:50:14] [TOOL] 'Hemotransfusão' (cat=PROCEDIMENTO) -> nivel_semantico, score=0.839, confianca=baixa, painel=False, 1 resultado(s), 0.07s
[21:50:14] [SIGTAP] 'curativo' (cat=PROCEDIMENTO): busca restrita a 2700 de 4994 procedimentos.
[21:50:14] [TOOL] 'curativo' (cat=PROCEDIMENTO) -> nivel1, score=0.500, confianca=media, painel=False, 8 resultado(s), 0.02s
[21:50:14] [NIVEL0] 'dreno abdominal' marcado como não faturável separadamente (materiais_descartaveis).
[21:50:14] [TOOL] 'dreno abdominal' (cat=MATERIAL) -> nao_faturavel, 0.00s
[21:50:15] [NIVEL0] 'manitol' marcado como não faturável separadamente (medicamentos_uso_hospitalar).
[21:50:15] [TOOL] 'manitol' (cat=MEDICAMENTO) -> nao_faturavel, 0.00s
[21:50:15] [SIGTAP] 'dexametasona' (cat=MEDICAMENTO): busca restrita a 404 de 4994 procedimentos.
[21:50:15] [SEMANTICO] 'dexametasona': 0.504 (limiar 0.8) -> CLORIDRATO DE TIROFIBANA
[21:50:15] [TOOL] 'dexametasona' (cat=MEDICAMENTO) -> vazio, 0.04s
[21:50:15] [SIGTAP] 'Fisioterapia motora' (cat=PROCEDIMENTO): busca restrita a 2700 de 4994 procedimentos.
[21:50:15] [SEMANTICO] 'fisioterapia motora': 0.833 (limiar 0.8) -> ATENDIMENTO FISIOTERAPÊUTICO NAS ALTERAÇÕES MOTORAS
[21:50:15] [TOOL] 'Fisioterapia motora' (cat=PROCEDIMENTO) -> nivel_semantico, score=0.833, confianca=baixa, painel=False, 1 resultado(s), 0.08s
[21:50:15] [NIVEL0] 'líquido cefalorraquidiano' -> ['celulas no liquor']
[21:50:15] [TOOL] 'líquido cefalorraquidiano' (cat=EXAME) -> nivel0, score=1.000, confianca=alta, painel=False, 1 resultado(s), 0.04s
[21:50:15] [SIGTAP] 'eletroencefalograma' (cat=EXAME): busca restrita a 1105 de 4994 procedimentos.
[21:50:15] [TOOL] 'eletroencefalograma' (cat=EXAME) -> nivel1, score=0.250, confianca=media, painel=False, 5 resultado(s), 0.01s
[21:50:15] [NIVEL0] 'Sonda nasoenteral' marcado como não faturável separadamente (materiais_descartaveis).
[21:50:15] [TOOL] 'Sonda nasoenteral' (cat=MATERIAL) -> nao_faturavel, 0.00s
[21:50:16] [SIGTAP] 'hemodiálise' (cat=PROCEDIMENTO): busca restrita a 2700 de 4994 procedimentos.
[21:50:16] [TOOL] 'hemodiálise' (cat=PROCEDIMENTO) -> nivel1, score=0.500, confianca=media, painel=False, 10 resultado(s), 0.02s
[21:50:16] [SIGTAP] 'cateter de duplo lúmen' (cat=MATERIAL): busca restrita a 540 de 4994 procedimentos.
[21:50:16] [TOOL] 'cateter de duplo lúmen' (cat=MATERIAL) -> nivel1, score=0.600, confianca=alta, painel=False, 4 resultado(s), 0.01s
[21:50:16] [SIGTAP] 'ureia' (cat=EXAME): busca restrita a 1105 de 4994 procedimentos.
[21:50:16] [TOOL] 'ureia' (cat=EXAME) -> nivel1, score=0.500, confianca=media, painel=False, 2 resultado(s), 0.01s
[21:50:16] [SIGTAP] 'creatinina' (cat=EXAME): busca restrita a 1105 de 4994 procedimentos.
[21:50:16] [TOOL] 'creatinina' (cat=EXAME) -> nivel1, score=0.500, confianca=media, painel=False, 3 resultado(s), 0.01s
[21:50:16] [NIVEL0] 'bicarbonato de sódio' marcado como não faturável separadamente (medicamentos_uso_hospitalar).
[21:50:16] [TOOL] 'bicarbonato de sódio' (cat=MEDICAMENTO) -> nao_faturavel, 0.00s
[21:50:16] [NIVEL0] 'ultrassom renal' -> ['ultrassonografia de aparelho urinario']
[21:50:16] [TOOL] 'ultrassom renal' (cat=EXAME) -> nivel0, score=1.000, confianca=alta, painel=False, 1 resultado(s), 0.04s
[21:50:16] [SIGTAP] 'albumina humana' (cat=MEDICAMENTO): busca restrita a 404 de 4994 procedimentos.
[21:50:16] [TOOL] 'albumina humana' (cat=MEDICAMENTO) -> nivel1, score=0.286, confianca=media, painel=False, 1 resultado(s), 0.01s
[21:50:17] [SIGTAP] 'curativo' (cat=PROCEDIMENTO): busca restrita a 2700 de 4994 procedimentos.
[21:50:17] [TOOL] 'curativo' (cat=PROCEDIMENTO) -> nivel1, score=0.500, confianca=media, painel=False, 8 resultado(s), 0.02s
[21:50:17] [NIVEL0] 'sulfadiazina de prata' marcado como não faturável separadamente (medicamentos_uso_hospitalar).
[21:50:17] [TOOL] 'sulfadiazina de prata' (cat=MEDICAMENTO) -> nao_faturavel, 0.00s
[21:50:17] [SIGTAP] 'morfina' (cat=MEDICAMENTO): busca restrita a 404 de 4994 procedimentos.
[21:50:17] [TOOL] 'morfina' (cat=MEDICAMENTO) -> nivel1, score=0.333, confianca=media, painel=False, 7 resultado(s), 0.01s
[21:50:17] [SIGTAP] 'cultura de ferida' (cat=EXAME): busca restrita a 1105 de 4994 procedimentos.
[21:50:17] [SEMANTICO] 'cultura de ferida': 0.492 (limiar 0.8) -> ARTROGRAFIA
[21:50:17] [TOOL] 'cultura de ferida' (cat=EXAME) -> vazio, 0.07s
[21:50:17] [SIGTAP] 'swab de queimadura' (cat=EXAME): busca restrita a 1105 de 4994 procedimentos.
[21:50:17] [SEMANTICO] 'swab de queimadura': 0.514 (limiar 0.8) -> PREPARO DE COMPONENTES LAVADOS
[21:50:17] [TOOL] 'swab de queimadura' (cat=EXAME) -> vazio, 0.07s
[21:50:17] [SIGTAP] 'enxertia de pele' (cat=PROCEDIMENTO): busca restrita a 2700 de 4994 procedimentos.
[21:50:17] [TOOL] 'enxertia de pele' (cat=PROCEDIMENTO) -> nivel2, score=0.591, confianca=media, painel=False, 2 resultado(s), 0.05s
[21:50:17] [NIVEL0] 'proteína C reativa' -> ['proteina c reativa']
[21:50:17] [TOOL] 'proteína C reativa' (cat=EXAME) -> nivel0, score=1.000, confianca=alta, painel=False, 1 resultado(s), 0.03s
[21:50:17] [SIGTAP] 'albumina sérica' (cat=EXAME): busca restrita a 1105 de 4994 procedimentos.
[21:50:17] [SEMANTICO] 'albumina serica': 0.580 (limiar 0.8) -> FUNDOSCOPIA
[21:50:17] [TOOL] 'albumina sérica' (cat=EXAME) -> vazio, 0.06s
[21:50:18] [SIGTAP] 'alteplase' (cat=MEDICAMENTO): busca restrita a 404 de 4994 procedimentos.
[21:50:18] [TOOL] 'alteplase' (cat=MEDICAMENTO) -> nivel1, score=0.167, confianca=media, painel=False, 3 resultado(s), 0.00s
[21:50:18] [SIGTAP] 'tomografia computadorizada de crânio' (cat=EXAME): busca restrita a 1105 de 4994 procedimentos.
[21:50:18] [TOOL] 'tomografia computadorizada de crânio' (cat=EXAME) -> nivel1, score=1.000, confianca=alta, painel=False, 1 resultado(s), 0.01s
[21:50:18] [SIGTAP] 'angiotomografia de vasos cerebrais' (cat=EXAME): busca restrita a 1105 de 4994 procedimentos.
[21:50:18] [SEMANTICO] 'angiotomografia de vasos cerebrais': 0.916 (limiar 0.8) -> ANGIOGRAFIA CEREBRAL (4 VASOS)
[21:50:18] [TOOL] 'angiotomografia de vasos cerebrais' (cat=EXAME) -> nivel_semantico, score=0.916, confianca=media, painel=False, 1 resultado(s), 0.06s
[21:50:18] [SIGTAP] 'cateter nasal de oxigânio' (cat=MATERIAL): busca restrita a 540 de 4994 procedimentos.
[21:50:18] [SEMANTICO] 'cateter nasal de oxiganio': 0.786 (limiar 0.8) -> PRÓTESE NASAL
[21:50:18] [TOOL] 'cateter nasal de oxigânio' (cat=MATERIAL) -> vazio, 0.06s
[21:50:18] [NIVEL0] 'coagulograma' -> ['tempo de protrombina', 'tempo de tromboplastina parcial ativada']
[21:50:18] [TOOL] 'coagulograma' (cat=EXAME) -> nivel0, score=1.000, confianca=alta, painel=True, 2 resultado(s), 0.06s
[21:50:18] [NIVEL0] 'perfil lipídico' -> ['colesterol total', 'triglicerideos', 'colesterol hdl']
[21:50:18] [TOOL] 'perfil lipídico' (cat=EXAME) -> nivel0, score=1.000, confianca=alta, painel=True, 3 resultado(s), 0.08s
[21:50:18] [SIGTAP] 'Fisioterapia neurológica' (cat=PROCEDIMENTO): busca restrita a 2700 de 4994 procedimentos.
[21:50:19] [SEMANTICO] 'fisioterapia neurologica': 0.821 (limiar 0.8) -> ATENDIMENTO FISIOTERAPÊUTICO NAS DESORDENS DO DESENVOLVIMENT
[21:50:19] [TOOL] 'Fisioterapia neurológica' (cat=PROCEDIMENTO) -> nivel_semantico, score=0.821, confianca=baixa, painel=False, 1 resultado(s), 0.07s
[21:50:19] [NIVEL0] 'Sonda vesical de demora' -> ['cateterismo vesical de demora']
[21:50:19] [TOOL] 'Sonda vesical de demora' (cat=MATERIAL) -> nivel0, score=1.000, confianca=alta, painel=False, 1 resultado(s), 0.03s
[21:50:19] [SIGTAP] 'Doppler transcraniano' (cat=EXAME): busca restrita a 1105 de 4994 procedimentos.
[21:50:19] [SEMANTICO] 'doppler transcraniano': 0.535 (limiar 0.8) -> FOCALIZAÇÃO ISOELÉTRICA DA TRANSFERRINA
[21:50:19] [TOOL] 'Doppler transcraniano' (cat=EXAME) -> nivel3, score=1.000, confianca=media, painel=False, 1 resultado(s), 0.07s
[21:50:20] [SIGTAP] 'insulina regular' (cat=MEDICAMENTO): busca restrita a 404 de 4994 procedimentos.
[21:50:20] [SEMANTICO] 'insulina regular': 0.796 (limiar 0.8) -> INSULINA ANÁLOGA DE AÇÃO PROLONGADA DE 100 UI/ML
[21:50:20] [TOOL] 'insulina regular' (cat=MEDICAMENTO) -> vazio, 0.06s
[21:50:20] [SIGTAP] 'bomba de infusão' (cat=MATERIAL): busca restrita a 540 de 4994 procedimentos.
[21:50:20] [TOOL] 'bomba de infusão' (cat=MATERIAL) -> nivel1, score=0.286, confianca=media, painel=False, 1 resultado(s), 0.01s
[21:50:20] [NIVEL0] 'Reposição volémica' marcado como não faturável separadamente (procedimentos_embutidos).
[21:50:20] [TOOL] 'Reposição volémica' (cat=PROCEDIMENTO) -> nao_faturavel, 0.00s
[21:50:20] [NIVEL0] 'solução salina' marcado como não faturável separadamente (medicamentos_uso_hospitalar).
[21:50:20] [TOOL] 'solução salina' (cat=MEDICAMENTO) -> nao_faturavel, 0.00s
[21:50:20] [SIGTAP] 'glicemia capilar' (cat=EXAME): busca restrita a 1105 de 4994 procedimentos.
[21:50:20] [TOOL] 'glicemia capilar' (cat=EXAME) -> nivel1, score=1.000, confianca=alta, painel=False, 1 resultado(s), 0.01s
[21:50:20] [NIVEL0] 'gasometria venosa' -> ['gasometria']
[21:50:20] [TOOL] 'gasometria venosa' (cat=EXAME) -> nivel0, score=1.000, confianca=alta, painel=False, 1 resultado(s), 0.04s
[21:50:20] [NIVEL0] 'cetonemia' -> ['corpos cetonicos']
[21:50:20] [TOOL] 'cetonemia' (cat=EXAME) -> nivel0, score=1.000, confianca=alta, painel=False, 1 resultado(s), 0.04s
[21:50:20] [NIVEL0] 'cloreto de potássio' marcado como não faturável separadamente (medicamentos_uso_hospitalar).
[21:50:20] [TOOL] 'cloreto de potássio' (cat=MEDICAMENTO) -> nao_faturavel, 0.00s
[21:50:20] [SIGTAP] 'eletrocardiograma' (cat=EXAME): busca restrita a 1105 de 4994 procedimentos.
[21:50:20] [TOOL] 'eletrocardiograma' (cat=EXAME) -> nivel1, score=1.000, confianca=alta, painel=False, 3 resultado(s), 0.01s
[21:50:20] [NIVEL0] 'Monitor cardíaco' marcado como não faturável separadamente (procedimentos_embutidos).
[21:50:20] [TOOL] 'Monitor cardíaco' (cat=MATERIAL) -> nao_faturavel, 0.00s
[21:50:20] [SIGTAP] 'hemograma completo' (cat=EXAME): busca restrita a 1105 de 4994 procedimentos.
[21:50:20] [TOOL] 'hemograma completo' (cat=EXAME) -> nivel1, score=1.000, confianca=alta, painel=False, 1 resultado(s), 0.01s
[21:50:21] [SIGTAP] 'ecocardiograma transesofágico' (cat=EXAME): busca restrita a 1105 de 4994 procedimentos.
[21:50:21] [SEMANTICO] 'ecocardiograma transesofagico': 0.908 (limiar 0.8) -> ECOCARDIOGRAFIA TRANSESOFAGICA
[21:50:21] [TOOL] 'ecocardiograma transesofágico' (cat=EXAME) -> nivel_semantico, score=0.908, confianca=media, painel=False, 1 resultado(s), 0.06s
[21:50:21] [NIVEL0] 'cateter de Swan-Ganz' marcado como não faturável separadamente (materiais_descartaveis).
[21:50:21] [TOOL] 'cateter de Swan-Ganz' (cat=MATERIAL) -> nao_faturavel, 0.00s
[21:50:21] [NIVEL0] 'protamina' marcado como não faturável separadamente (medicamentos_uso_hospitalar).
[21:50:21] [TOOL] 'protamina' (cat=MEDICAMENTO) -> nao_faturavel, 0.00s
[21:50:21] [NIVEL0] 'heparina' marcado como não faturável separadamente (medicamentos_uso_hospitalar).
[21:50:21] [TOOL] 'heparina' (cat=MEDICAMENTO) -> nao_faturavel, 0.00s
[21:50:21] [NIVEL0] 'raio-x de tórax' -> ['radiografia de torax']
[21:50:21] [TOOL] 'raio-x de tórax' (cat=EXAME) -> nivel0, score=1.000, confianca=alta, painel=False, 1 resultado(s), 0.03s
[21:50:21] [NIVEL0] 'Drenos mediastinais' marcado como não faturável separadamente (materiais_descartaveis).
[21:50:21] [TOOL] 'Drenos mediastinais' (cat=MATERIAL) -> nao_faturavel, 0.00s
[21:50:21] [SIGTAP] 'Fisioterapia respiratória' (cat=PROCEDIMENTO): busca restrita a 2700 de 4994 procedimentos.
[21:50:21] [SEMANTICO] 'fisioterapia respiratoria': 0.825 (limiar 0.8) -> TRATAMENTO DE OUTRAS DOENCAS DO APARELHO RESPIRATORIO
[21:50:21] [TOOL] 'Fisioterapia respiratória' (cat=PROCEDIMENTO) -> nivel_semantico, score=0.825, confianca=baixa, painel=False, 1 resultado(s), 0.08s
[21:50:21] [SIGTAP] 'troponina' (cat=EXAME): busca restrita a 1105 de 4994 procedimentos.
[21:50:21] [TOOL] 'troponina' (cat=EXAME) -> nivel1, score=0.500, confianca=media, painel=False, 1 resultado(s), 0.01s
[21:50:21] [NIVEL0] 'coagulograma' -> ['tempo de protrombina', 'tempo de tromboplastina parcial ativada']
[21:50:21] [TOOL] 'coagulograma' (cat=EXAME) -> nivel0, score=1.000, confianca=alta, painel=True, 2 resultado(s), 0.06s
[21:50:27] [NIVEL0] 'oseltamivir' marcado como não faturável separadamente (medicamentos_uso_hospitalar).
[21:50:27] [TOOL] 'oseltamivir' (cat=MEDICAMENTO) -> nao_faturavel, 0.00s
[21:50:27] [NIVEL0] 'azitromicina' marcado como não faturável separadamente (medicamentos_uso_hospitalar).
[21:50:27] [TOOL] 'azitromicina' (cat=MEDICAMENTO) -> nao_faturavel, 0.00s
[21:50:27] [SIGTAP] 'ventilação não invasiva' (cat=PROCEDIMENTO): busca restrita a 2700 de 4994 procedimentos.
[21:50:27] [TOOL] 'ventilação não invasiva' (cat=PROCEDIMENTO) -> nivel1, score=0.429, confianca=media, painel=False, 2 resultado(s), 0.02s
[21:50:27] [NIVEL0] 'máscara facial total' marcado como não faturável separadamente (materiais_descartaveis).
[21:50:27] [TOOL] 'máscara facial total' (cat=MATERIAL) -> nao_faturavel, 0.00s
[21:50:27] [SIGTAP] 'painel viral respiratório' (cat=EXAME): busca restrita a 1105 de 4994 procedimentos.
[21:50:27] [SEMANTICO] 'painel viral respiratorio': 0.771 (limiar 0.8) -> PESQUISA DE ANTICORPOS E/OU ANTIGENO DO VIRUS SINCICIAL RESP
[21:50:27] [TOOL] 'painel viral respiratório' (cat=EXAME) -> vazio, 0.07s
[21:50:27] [NIVEL0] 'raio-x de tórax' -> ['radiografia de torax']
[21:50:27] [TOOL] 'raio-x de tórax' (cat=EXAME) -> nivel0, score=1.000, confianca=alta, painel=False, 1 resultado(s), 0.03s
[21:50:27] [NIVEL0] 'tomografia de tórax' -> ['tomografia computadorizada de torax']
[21:50:27] [TOOL] 'tomografia de tórax' (cat=EXAME) -> nivel0, score=1.000, confianca=alta, painel=False, 1 resultado(s), 0.03s
[21:50:27] [SIGTAP] 'metilprednisolona' (cat=MEDICAMENTO): busca restrita a 404 de 4994 procedimentos.
[21:50:27] [TOOL] 'metilprednisolona' (cat=MEDICAMENTO) -> nivel1, score=0.200, confianca=media, painel=False, 3 resultado(s), 0.01s
[21:50:27] [SIGTAP] 'Fisioterapia respiratória' (cat=PROCEDIMENTO): busca restrita a 2700 de 4994 procedimentos.
[21:50:27] [SEMANTICO] 'fisioterapia respiratoria': 0.825 (limiar 0.8) -> TRATAMENTO DE OUTRAS DOENCAS DO APARELHO RESPIRATORIO
[21:50:27] [TOOL] 'Fisioterapia respiratória' (cat=PROCEDIMENTO) -> nivel_semantico, score=0.825, confianca=baixa, painel=False, 1 resultado(s), 0.09s
[21:50:27] [SIGTAP] 'nebulização' (cat=PROCEDIMENTO): busca restrita a 2700 de 4994 procedimentos.
[21:50:27] [TOOL] 'nebulização' (cat=PROCEDIMENTO) -> nivel1, score=0.500, confianca=media, painel=False, 1 resultado(s), 0.02s
[21:50:27] [SIGTAP] 'broncodilatador' (cat=MEDICAMENTO): busca restrita a 404 de 4994 procedimentos.
[21:50:27] [SEMANTICO] 'broncodilatador': 0.599 (limiar 0.8) -> BROMOCRIPTINA 2,5 MG (POR COMPRIMIDO)
[21:50:27] [TOOL] 'broncodilatador' (cat=MEDICAMENTO) -> vazio, 0.05s
[21:50:27] [SIGTAP] 'lactato' (cat=EXAME): busca restrita a 1105 de 4994 procedimentos.
[21:50:27] [TOOL] 'lactato' (cat=EXAME) -> nivel1, score=0.500, confianca=media, painel=False, 2 resultado(s), 0.01s
[21:50:27] [NIVEL0] 'gasometria arterial' -> ['gasometria']
[21:50:27] [TOOL] 'gasometria arterial' (cat=EXAME) -> nivel0, score=1.000, confianca=alta, painel=False, 1 resultado(s), 0.03s
[22:00:05] [SIGTAP] Iniciando servidor MCP...
[22:00:05] [NIVEL0] Dicionário carregado: 29 sinônimo(s), 23 termo(s) não faturável(is).
[22:00:05] [SIGTAP] Conectando ao Postgres em localhost:5432/sigtap (timeout=5s)...
[22:00:05] [SIGTAP] Tabela carregada: 4994 procedimentos, 9 grupos, em 0.5s.
[22:00:05] [SEMANTICO] Cache reaproveitado (4994 linhas).
[22:00:05] [AQUECIMENTO] Concluído em 0.6s — as buscas já respondem sem atraso inicial.
[22:00:05] [SIGTAP] Pronto, aguardando conexão via stdio...
[22:00:10] [NIVEL0] 'intubaao orotraqueal' casado com a chave 'intubacao orotraqueal' (similaridade 98; provável corrupção do termo pelo LLM).
[22:00:10] [NIVEL0] 'intubãão orotraqueal' marcado como não faturável separadamente (procedimentos_embutidos).
[22:00:10] [TOOL] 'intubãão orotraqueal' (cat=PROCEDIMENTO) -> nao_faturavel, 0.00s
[22:00:10] [SIGTAP] 'ventilação mecânica invasiva' (cat=PROCEDIMENTO): busca restrita a 2700 de 4994 procedimentos.
[22:00:10] [TOOL] 'ventilação mecânica invasiva' (cat=PROCEDIMENTO) -> nivel1, score=0.333, confianca=media, painel=False, 1 resultado(s), 0.04s
[22:00:10] [SIGTAP] 'midazolam' (cat=MEDICAMENTO): busca restrita a 404 de 4994 procedimentos.
[22:00:10] [SEMANTICO] Carregando modelo 'paraphrase-multilingual-MiniLM-L12-v2' (HF_HUB_OFFLINE=1)...
[22:03:35] [SEMANTICO] Modelo carregado em 204.1s.
[22:03:35] [SEMANTICO] 'midazolam': 0.651 (limiar 0.8) -> ABCIXIMABE
[22:03:35] [TOOL] 'midazolam' (cat=MEDICAMENTO) -> vazio, 204.51s
[22:03:35] [SIGTAP] 'fentanil' (cat=MEDICAMENTO): busca restrita a 404 de 4994 procedimentos.
[22:03:35] [SEMANTICO] 'fentanil': 0.667 (limiar 0.8) -> MORFINA  DE LIBERACAO CONTROLADA 60 MG (POR CAPSULA)
[22:03:35] [TOOL] 'fentanil' (cat=MEDICAMENTO) -> vazio, 0.09s
[22:03:35] [NIVEL0] 'sedoanalgesia' marcado como não faturável separadamente (procedimentos_embutidos).
[22:03:35] [TOOL] 'sedoanalgesia' (cat=PROCEDIMENTO) -> nao_faturavel, 0.00s
[22:03:35] [SIGTAP] 'hemograma completo' (cat=EXAME): busca restrita a 1105 de 4994 procedimentos.
[22:03:35] [TOOL] 'hemograma completo' (cat=EXAME) -> nivel1, score=1.000, confianca=alta, painel=False, 1 resultado(s), 0.03s
[22:03:35] [SIGTAP] 'hemocultura' (cat=EXAME): busca restrita a 1105 de 4994 procedimentos.
[22:03:35] [TOOL] 'hemocultura' (cat=EXAME) -> nivel1, score=1.000, confianca=alta, painel=False, 1 resultado(s), 0.03s
[22:03:35] [SIGTAP] 'piperacilina-tazobactam' (cat=MEDICAMENTO): busca restrita a 404 de 4994 procedimentos.
[22:03:35] [SEMANTICO] 'piperacilina tazobactam': 0.661 (limiar 0.8) -> TAFAMIDIS 61 MG (POR CÁPSULA)
[22:03:35] [TOOL] 'piperacilina-tazobactam' (cat=MEDICAMENTO) -> vazio, 0.10s
[22:03:35] [NIVEL0] 'raio-x de tórax' -> ['radiografia de torax']
[22:03:35] [TOOL] 'raio-x de tórax' (cat=EXAME) -> nivel0, score=1.000, confianca=alta, painel=False, 1 resultado(s), 0.09s
[22:03:36] [SIGTAP] 'Cateter venoso central' (cat=MATERIAL): busca restrita a 540 de 4994 procedimentos.
[22:03:36] [TOOL] 'Cateter venoso central' (cat=MATERIAL) -> nivel1, score=0.600, confianca=alta, painel=False, 4 resultado(s), 0.02s
[22:03:37] [SIGTAP] 'eletrocardiograma' (cat=EXAME): busca restrita a 1105 de 4994 procedimentos.
[22:03:37] [TOOL] 'eletrocardiograma' (cat=EXAME) -> nivel1, score=1.000, confianca=alta, painel=False, 3 resultado(s), 0.03s
[22:03:37] [NIVEL0] 'monitor cardíaco' marcado como não faturável separadamente (procedimentos_embutidos).
[22:03:37] [TOOL] 'monitor cardíaco' (cat=MATERIAL) -> nao_faturavel, 0.00s
[22:03:37] [SIGTAP] 'troponina' (cat=EXAME): busca restrita a 1105 de 4994 procedimentos.
[22:03:37] [TOOL] 'troponina' (cat=EXAME) -> nivel1, score=0.500, confianca=media, painel=False, 1 resultado(s), 0.02s
[22:03:37] [NIVEL0] 'CK-MB' -> ['creatinofosfoquinase fracao mb']
[22:03:37] [TOOL] 'CK-MB' (cat=EXAME) -> nivel0, score=1.000, confianca=alta, painel=False, 1 resultado(s), 0.08s
[22:03:37] [NIVEL0] 'gasometria arterial' -> ['gasometria']
[22:03:37] [TOOL] 'gasometria arterial' (cat=EXAME) -> nivel0, score=1.000, confianca=alta, painel=False, 1 resultado(s), 0.07s
[22:03:37] [NIVEL0] 'adrenalina' marcado como não faturável separadamente (medicamentos_uso_hospitalar).
[22:03:37] [TOOL] 'adrenalina' (cat=MEDICAMENTO) -> nao_faturavel, 0.00s
[22:03:37] [SIGTAP] 'ecocardiograma à beira leito' (cat=EXAME): busca restrita a 1105 de 4994 procedimentos.
[22:03:37] [SEMANTICO] 'ecocardiograma a beira leito': 0.844 (limiar 0.8) -> ECOCARDIOGRAFIA TRANSTORACICA
[22:03:37] [TOOL] 'ecocardiograma à beira leito' (cat=EXAME) -> nivel_semantico, score=0.844, confianca=baixa, painel=False, 1 resultado(s), 0.15s
[22:03:37] [NIVEL0] 'noradrenalina' marcado como não faturável separadamente (medicamentos_uso_hospitalar).
[22:03:37] [TOOL] 'noradrenalina' (cat=MEDICAMENTO) -> nao_faturavel, 0.00s
[22:03:37] [NIVEL0] 'Sondagem vesical de demora' -> ['cateterismo vesical de demora']
[22:03:37] [TOOL] 'Sondagem vesical de demora' (cat=MATERIAL) -> nivel0, score=1.000, confianca=alta, painel=False, 1 resultado(s), 0.08s
[22:03:37] [SIGTAP] 'tomografia computadorizada de crânio' (cat=EXAME): busca restrita a 1105 de 4994 procedimentos.
[22:03:37] [TOOL] 'tomografia computadorizada de crânio' (cat=EXAME) -> nivel1, score=1.000, confianca=alta, painel=False, 1 resultado(s), 0.02s
[22:03:38] [SIGTAP] 'laparotomia exploradora' (cat=PROCEDIMENTO): busca restrita a 2700 de 4994 procedimentos.
[22:03:38] [TOOL] 'laparotomia exploradora' (cat=PROCEDIMENTO) -> nivel1, score=1.000, confianca=alta, painel=False, 2 resultado(s), 0.05s
[22:03:38] [SIGTAP] 'drenagem de abscesso' (cat=PROCEDIMENTO): busca restrita a 2700 de 4994 procedimentos.
[22:03:39] [TOOL] 'drenagem de abscesso' (cat=PROCEDIMENTO) -> nivel1, score=1.000, confianca=alta, painel=False, 18 resultado(s), 0.05s
[22:03:39] [NIVEL0] 'vancomicina' marcado como não faturável separadamente (medicamentos_uso_hospitalar).
[22:03:39] [TOOL] 'vancomicina' (cat=MEDICAMENTO) -> nao_faturavel, 0.00s
[22:03:39] [SIGTAP] 'lactato' (cat=EXAME): busca restrita a 1105 de 4994 procedimentos.
[22:03:39] [TOOL] 'lactato' (cat=EXAME) -> nivel1, score=0.500, confianca=media, painel=False, 2 resultado(s), 0.02s
[22:03:39] [NIVEL0] 'PCR' -> ['proteina c reativa']
[22:03:39] [TOOL] 'PCR' (cat=EXAME) -> nivel0, score=1.000, confianca=alta, painel=False, 1 resultado(s), 0.06s
[22:03:39] [SIGTAP] 'procalcitonina' (cat=EXAME): busca restrita a 1105 de 4994 procedimentos.
[22:03:39] [SEMANTICO] 'procalcitonina': 0.705 (limiar 0.8) -> DOSAGEM DE PROLACTINA
[22:03:39] [TOOL] 'procalcitonina' (cat=EXAME) -> vazio, 0.12s
[22:03:39] [NIVEL0] 'ultrassom abdominal' -> ['ultrassonografia de abdomen total']
[22:03:39] [TOOL] 'ultrassom abdominal' (cat=EXAME) -> nivel0, score=1.000, confianca=alta, painel=False, 1 resultado(s), 0.09s
[22:03:39] [SIGTAP] 'cateter arterial' (cat=MATERIAL): busca restrita a 540 de 4994 procedimentos.
[22:03:39] [TOOL] 'cateter arterial' (cat=MATERIAL) -> nivel1, score=0.400, confianca=media, painel=False, 1 resultado(s), 0.01s
[22:03:39] [SIGTAP] 'Hemotransfusão' (cat=PROCEDIMENTO): busca restrita a 2700 de 4994 procedimentos.
[22:03:39] [SEMANTICO] 'hemotransfusao': 0.839 (limiar 0.8) -> HEMOFILTRAÇÃO
[22:03:39] [TOOL] 'Hemotransfusão' (cat=PROCEDIMENTO) -> nivel_semantico, score=0.839, confianca=baixa, painel=False, 1 resultado(s), 0.18s
[22:03:39] [SIGTAP] 'curativo' (cat=PROCEDIMENTO): busca restrita a 2700 de 4994 procedimentos.
[22:03:39] [TOOL] 'curativo' (cat=PROCEDIMENTO) -> nivel1, score=0.500, confianca=media, painel=False, 8 resultado(s), 0.06s
[22:03:39] [NIVEL0] 'dreno abdominal' marcado como não faturável separadamente (materiais_descartaveis).
[22:03:39] [TOOL] 'dreno abdominal' (cat=MATERIAL) -> nao_faturavel, 0.00s
[22:03:40] [NIVEL0] 'manitol' marcado como não faturável separadamente (medicamentos_uso_hospitalar).
[22:03:40] [TOOL] 'manitol' (cat=MEDICAMENTO) -> nao_faturavel, 0.00s
[22:03:40] [SIGTAP] 'dexametasona' (cat=MEDICAMENTO): busca restrita a 404 de 4994 procedimentos.
[22:03:40] [SEMANTICO] 'dexametasona': 0.504 (limiar 0.8) -> CLORIDRATO DE TIROFIBANA
[22:03:40] [TOOL] 'dexametasona' (cat=MEDICAMENTO) -> vazio, 0.11s
[22:03:40] [SIGTAP] 'Fisioterapia motora' (cat=PROCEDIMENTO): busca restrita a 2700 de 4994 procedimentos.
[22:03:41] [SEMANTICO] 'fisioterapia motora': 0.833 (limiar 0.8) -> ATENDIMENTO FISIOTERAPÊUTICO NAS ALTERAÇÕES MOTORAS
[22:03:41] [TOOL] 'Fisioterapia motora' (cat=PROCEDIMENTO) -> nivel_semantico, score=0.833, confianca=baixa, painel=False, 1 resultado(s), 0.20s
[22:03:41] [NIVEL0] 'líquido cefalorraquidiano' -> ['celulas no liquor']
[22:03:41] [TOOL] 'líquido cefalorraquidiano' (cat=EXAME) -> nivel0, score=1.000, confianca=alta, painel=False, 1 resultado(s), 0.08s
[22:03:41] [SIGTAP] 'eletroencefalograma' (cat=EXAME): busca restrita a 1105 de 4994 procedimentos.
[22:03:41] [TOOL] 'eletroencefalograma' (cat=EXAME) -> nivel1, score=0.250, confianca=media, painel=False, 5 resultado(s), 0.02s
[22:03:41] [NIVEL0] 'Sonda nasoenteral' marcado como não faturável separadamente (materiais_descartaveis).
[22:03:41] [TOOL] 'Sonda nasoenteral' (cat=MATERIAL) -> nao_faturavel, 0.00s
[22:03:42] [SIGTAP] 'hemodiálise' (cat=PROCEDIMENTO): busca restrita a 2700 de 4994 procedimentos.
[22:03:42] [TOOL] 'hemodiálise' (cat=PROCEDIMENTO) -> nivel1, score=0.500, confianca=media, painel=False, 10 resultado(s), 0.07s
[22:03:42] [SIGTAP] 'cateter de duplo lúmen' (cat=MATERIAL): busca restrita a 540 de 4994 procedimentos.
[22:03:42] [TOOL] 'cateter de duplo lúmen' (cat=MATERIAL) -> nivel1, score=0.600, confianca=alta, painel=False, 4 resultado(s), 0.02s
[22:03:42] [SIGTAP] 'ureia' (cat=EXAME): busca restrita a 1105 de 4994 procedimentos.
[22:03:42] [TOOL] 'ureia' (cat=EXAME) -> nivel1, score=0.500, confianca=media, painel=False, 2 resultado(s), 0.02s
[22:03:42] [SIGTAP] 'creatinina' (cat=EXAME): busca restrita a 1105 de 4994 procedimentos.
[22:03:42] [TOOL] 'creatinina' (cat=EXAME) -> nivel1, score=0.500, confianca=media, painel=False, 3 resultado(s), 0.02s
[22:03:42] [NIVEL0] 'bicarbonato de sódio' marcado como não faturável separadamente (medicamentos_uso_hospitalar).
[22:03:42] [TOOL] 'bicarbonato de sódio' (cat=MEDICAMENTO) -> nao_faturavel, 0.00s
[22:03:42] [NIVEL0] 'ultrassom renal' -> ['ultrassonografia de aparelho urinario']
[22:03:42] [TOOL] 'ultrassom renal' (cat=EXAME) -> nivel0, score=1.000, confianca=alta, painel=False, 1 resultado(s), 0.10s
[22:03:42] [SIGTAP] 'albumina humana' (cat=MEDICAMENTO): busca restrita a 404 de 4994 procedimentos.
[22:03:42] [TOOL] 'albumina humana' (cat=MEDICAMENTO) -> nivel1, score=0.286, confianca=media, painel=False, 1 resultado(s), 0.02s
[22:03:43] [SIGTAP] 'curativo' (cat=PROCEDIMENTO): busca restrita a 2700 de 4994 procedimentos.
[22:03:43] [TOOL] 'curativo' (cat=PROCEDIMENTO) -> nivel1, score=0.500, confianca=media, painel=False, 8 resultado(s), 0.06s
[22:03:43] [NIVEL0] 'sulfadiazina de prata' marcado como não faturável separadamente (medicamentos_uso_hospitalar).
[22:03:43] [TOOL] 'sulfadiazina de prata' (cat=MEDICAMENTO) -> nao_faturavel, 0.00s
[22:03:43] [SIGTAP] 'morfina' (cat=MEDICAMENTO): busca restrita a 404 de 4994 procedimentos.
[22:03:43] [TOOL] 'morfina' (cat=MEDICAMENTO) -> nivel1, score=0.333, confianca=media, painel=False, 7 resultado(s), 0.02s
[22:03:43] [SIGTAP] 'cultura de ferida' (cat=EXAME): busca restrita a 1105 de 4994 procedimentos.
[22:03:43] [SEMANTICO] 'cultura de ferida': 0.492 (limiar 0.8) -> ARTROGRAFIA
[22:03:43] [TOOL] 'cultura de ferida' (cat=EXAME) -> vazio, 0.13s
[22:03:43] [SIGTAP] 'swab de queimadura' (cat=EXAME): busca restrita a 1105 de 4994 procedimentos.
[22:03:43] [SEMANTICO] 'swab de queimadura': 0.514 (limiar 0.8) -> PREPARO DE COMPONENTES LAVADOS
[22:03:43] [TOOL] 'swab de queimadura' (cat=EXAME) -> vazio, 0.14s
[22:03:43] [SIGTAP] 'enxertia de pele' (cat=PROCEDIMENTO): busca restrita a 2700 de 4994 procedimentos.
[22:03:44] [TOOL] 'enxertia de pele' (cat=PROCEDIMENTO) -> nivel2, score=0.591, confianca=media, painel=False, 2 resultado(s), 0.13s
[22:03:44] [NIVEL0] 'proteína C reativa' -> ['proteina c reativa']
[22:03:44] [TOOL] 'proteína C reativa' (cat=EXAME) -> nivel0, score=1.000, confianca=alta, painel=False, 1 resultado(s), 0.08s
[22:03:44] [SIGTAP] 'albumina sérica' (cat=EXAME): busca restrita a 1105 de 4994 procedimentos.
[22:03:44] [SEMANTICO] 'albumina serica': 0.580 (limiar 0.8) -> FUNDOSCOPIA
[22:03:44] [TOOL] 'albumina sérica' (cat=EXAME) -> vazio, 0.12s
[22:03:45] [SIGTAP] 'alteplase' (cat=MEDICAMENTO): busca restrita a 404 de 4994 procedimentos.
[22:03:45] [TOOL] 'alteplase' (cat=MEDICAMENTO) -> nivel1, score=0.167, confianca=media, painel=False, 3 resultado(s), 0.02s
[22:03:45] [SIGTAP] 'tomografia computadorizada de crânio' (cat=EXAME): busca restrita a 1105 de 4994 procedimentos.
[22:03:45] [TOOL] 'tomografia computadorizada de crânio' (cat=EXAME) -> nivel1, score=1.000, confianca=alta, painel=False, 1 resultado(s), 0.03s
[22:03:45] [SIGTAP] 'angiotomografia de vasos cerebrais' (cat=EXAME): busca restrita a 1105 de 4994 procedimentos.
[22:03:45] [SEMANTICO] 'angiotomografia de vasos cerebrais': 0.916 (limiar 0.8) -> ANGIOGRAFIA CEREBRAL (4 VASOS)
[22:03:45] [TOOL] 'angiotomografia de vasos cerebrais' (cat=EXAME) -> nivel_semantico, score=0.916, confianca=media, painel=False, 1 resultado(s), 0.15s
[22:03:45] [NIVEL0] 'cateter nasal de oxigênio' marcado como não faturável separadamente (materiais_descartaveis).
[22:03:45] [TOOL] 'cateter nasal de oxigênio' (cat=MATERIAL) -> nao_faturavel, 0.00s
[22:03:45] [NIVEL0] 'coagulograma' -> ['tempo de protrombina', 'tempo de tromboplastina parcial ativada']
[22:03:45] [TOOL] 'coagulograma' (cat=EXAME) -> nivel0, score=1.000, confianca=alta, painel=True, 2 resultado(s), 0.15s
[22:03:45] [NIVEL0] 'perfil lipídico' -> ['colesterol total', 'triglicerideos', 'colesterol hdl']
[22:03:45] [TOOL] 'perfil lipídico' (cat=EXAME) -> nivel0, score=1.000, confianca=alta, painel=True, 3 resultado(s), 0.24s
[22:03:45] [SIGTAP] 'Fisioterapia neurológica' (cat=PROCEDIMENTO): busca restrita a 2700 de 4994 procedimentos.
[22:03:46] [SEMANTICO] 'fisioterapia neurologica': 0.821 (limiar 0.8) -> ATENDIMENTO FISIOTERAPÊUTICO NAS DESORDENS DO DESENVOLVIMENT
[22:03:46] [TOOL] 'Fisioterapia neurológica' (cat=PROCEDIMENTO) -> nivel_semantico, score=0.821, confianca=baixa, painel=False, 1 resultado(s), 0.18s
[22:03:46] [NIVEL0] 'Sonda vesical de demora' -> ['cateterismo vesical de demora']
[22:03:46] [TOOL] 'Sonda vesical de demora' (cat=MATERIAL) -> nivel0, score=1.000, confianca=alta, painel=False, 1 resultado(s), 0.08s
[22:03:46] [SIGTAP] 'Doppler transcraniano' (cat=EXAME): busca restrita a 1105 de 4994 procedimentos.
[22:03:46] [SEMANTICO] 'doppler transcraniano': 0.535 (limiar 0.8) -> FOCALIZAÇÃO ISOELÉTRICA DA TRANSFERRINA
[22:03:46] [TOOL] 'Doppler transcraniano' (cat=EXAME) -> nivel3, score=1.000, confianca=media, painel=False, 1 resultado(s), 0.14s
[22:03:47] [SIGTAP] 'insulina regular' (cat=MEDICAMENTO): busca restrita a 404 de 4994 procedimentos.
[22:03:47] [SEMANTICO] 'insulina regular': 0.796 (limiar 0.8) -> INSULINA ANÁLOGA DE AÇÃO PROLONGADA DE 100 UI/ML
[22:03:47] [TOOL] 'insulina regular' (cat=MEDICAMENTO) -> vazio, 0.10s
[22:03:47] [SIGTAP] 'bomba de infusão' (cat=MATERIAL): busca restrita a 540 de 4994 procedimentos.
[22:03:47] [TOOL] 'bomba de infusão' (cat=MATERIAL) -> nivel1, score=0.286, confianca=media, painel=False, 1 resultado(s), 0.02s
[22:03:47] [NIVEL0] 'Reposição volêmica' marcado como não faturável separadamente (procedimentos_embutidos).
[22:03:47] [TOOL] 'Reposição volêmica' (cat=PROCEDIMENTO) -> nao_faturavel, 0.00s
[22:03:47] [NIVEL0] 'solução salina' marcado como não faturável separadamente (medicamentos_uso_hospitalar).
[22:03:47] [TOOL] 'solução salina' (cat=MEDICAMENTO) -> nao_faturavel, 0.00s
[22:03:47] [SIGTAP] 'glicemia capilar' (cat=EXAME): busca restrita a 1105 de 4994 procedimentos.
[22:03:47] [TOOL] 'glicemia capilar' (cat=EXAME) -> nivel1, score=1.000, confianca=alta, painel=False, 1 resultado(s), 0.03s
[22:03:47] [NIVEL0] 'gasometria venosa' -> ['gasometria']
[22:03:47] [TOOL] 'gasometria venosa' (cat=EXAME) -> nivel0, score=1.000, confianca=alta, painel=False, 1 resultado(s), 0.09s
[22:03:47] [NIVEL0] 'cetonemia' -> ['corpos cetonicos']
[22:03:47] [TOOL] 'cetonemia' (cat=EXAME) -> nivel0, score=1.000, confianca=alta, painel=False, 1 resultado(s), 0.08s
[22:03:47] [NIVEL0] 'cloreto de potássio' marcado como não faturável separadamente (medicamentos_uso_hospitalar).
[22:03:47] [TOOL] 'cloreto de potássio' (cat=MEDICAMENTO) -> nao_faturavel, 0.00s
[22:03:48] [SIGTAP] 'eletrocardiograma' (cat=EXAME): busca restrita a 1105 de 4994 procedimentos.
[22:03:48] [TOOL] 'eletrocardiograma' (cat=EXAME) -> nivel1, score=1.000, confianca=alta, painel=False, 3 resultado(s), 0.03s
[22:03:48] [NIVEL0] 'Monitor cardíaco' marcado como não faturável separadamente (procedimentos_embutidos).
[22:03:48] [TOOL] 'Monitor cardíaco' (cat=MATERIAL) -> nao_faturavel, 0.00s
[22:03:48] [SIGTAP] 'hemograma completo' (cat=EXAME): busca restrita a 1105 de 4994 procedimentos.
[22:03:48] [TOOL] 'hemograma completo' (cat=EXAME) -> nivel1, score=1.000, confianca=alta, painel=False, 1 resultado(s), 0.02s
[22:03:49] [SIGTAP] 'ecocardiograma transesofágico' (cat=EXAME): busca restrita a 1105 de 4994 procedimentos.
[22:03:49] [SEMANTICO] 'ecocardiograma transesofagico': 0.908 (limiar 0.8) -> ECOCARDIOGRAFIA TRANSESOFAGICA
[22:03:49] [TOOL] 'ecocardiograma transesofágico' (cat=EXAME) -> nivel_semantico, score=0.908, confianca=media, painel=False, 1 resultado(s), 0.13s
[22:03:49] [NIVEL0] 'cateter de Swan-Ganz' marcado como não faturável separadamente (materiais_descartaveis).
[22:03:49] [TOOL] 'cateter de Swan-Ganz' (cat=MATERIAL) -> nao_faturavel, 0.00s
[22:03:49] [NIVEL0] 'protamina' marcado como não faturável separadamente (medicamentos_uso_hospitalar).
[22:03:49] [TOOL] 'protamina' (cat=MEDICAMENTO) -> nao_faturavel, 0.00s
[22:03:49] [NIVEL0] 'heparina' marcado como não faturável separadamente (medicamentos_uso_hospitalar).
[22:03:49] [TOOL] 'heparina' (cat=MEDICAMENTO) -> nao_faturavel, 0.00s
[22:03:49] [NIVEL0] 'raio-x de tórax' -> ['radiografia de torax']
[22:03:49] [TOOL] 'raio-x de tórax' (cat=EXAME) -> nivel0, score=1.000, confianca=alta, painel=False, 1 resultado(s), 0.08s
[22:03:49] [NIVEL0] 'Drenos mediastinais' marcado como não faturável separadamente (materiais_descartaveis).
[22:03:49] [TOOL] 'Drenos mediastinais' (cat=MATERIAL) -> nao_faturavel, 0.00s
[22:03:49] [SIGTAP] 'Fisioterapia respiratória' (cat=PROCEDIMENTO): busca restrita a 2700 de 4994 procedimentos.
[22:03:49] [SEMANTICO] 'fisioterapia respiratoria': 0.825 (limiar 0.8) -> TRATAMENTO DE OUTRAS DOENCAS DO APARELHO RESPIRATORIO
[22:03:49] [TOOL] 'Fisioterapia respiratória' (cat=PROCEDIMENTO) -> nivel_semantico, score=0.825, confianca=baixa, painel=False, 1 resultado(s), 0.17s
[22:03:49] [SIGTAP] 'troponina' (cat=EXAME): busca restrita a 1105 de 4994 procedimentos.
[22:03:49] [TOOL] 'troponina' (cat=EXAME) -> nivel1, score=0.500, confianca=media, painel=False, 1 resultado(s), 0.03s
[22:03:49] [NIVEL0] 'coagulograma' -> ['tempo de protrombina', 'tempo de tromboplastina parcial ativada']
[22:03:49] [TOOL] 'coagulograma' (cat=EXAME) -> nivel0, score=1.000, confianca=alta, painel=True, 2 resultado(s), 0.14s
[22:03:51] [NIVEL0] 'oseltamivir' marcado como não faturável separadamente (medicamentos_uso_hospitalar).
[22:03:51] [TOOL] 'oseltamivir' (cat=MEDICAMENTO) -> nao_faturavel, 0.00s
[22:03:51] [NIVEL0] 'azitromicina' marcado como não faturável separadamente (medicamentos_uso_hospitalar).
[22:03:51] [TOOL] 'azitromicina' (cat=MEDICAMENTO) -> nao_faturavel, 0.00s
[22:03:51] [SIGTAP] 'ventilação não invasiva' (cat=PROCEDIMENTO): busca restrita a 2700 de 4994 procedimentos.
[22:03:51] [TOOL] 'ventilação não invasiva' (cat=PROCEDIMENTO) -> nivel1, score=0.429, confianca=media, painel=False, 2 resultado(s), 0.05s
[22:03:51] [NIVEL0] 'máscara facial total' marcado como não faturável separadamente (materiais_descartaveis).
[22:03:51] [TOOL] 'máscara facial total' (cat=MATERIAL) -> nao_faturavel, 0.00s
[22:03:51] [SIGTAP] 'painel viral respiratório' (cat=EXAME): busca restrita a 1105 de 4994 procedimentos.
[22:03:51] [SEMANTICO] 'painel viral respiratorio': 0.771 (limiar 0.8) -> PESQUISA DE ANTICORPOS E/OU ANTIGENO DO VIRUS SINCICIAL RESP
[22:03:51] [TOOL] 'painel viral respiratório' (cat=EXAME) -> vazio, 0.27s
[22:03:51] [NIVEL0] 'raio-x de tórax' -> ['radiografia de torax']
[22:03:51] [TOOL] 'raio-x de tórax' (cat=EXAME) -> nivel0, score=1.000, confianca=alta, painel=False, 1 resultado(s), 0.07s
[22:03:51] [NIVEL0] 'tomografia de tórax' -> ['tomografia computadorizada de torax']
[22:03:51] [TOOL] 'tomografia de tórax' (cat=EXAME) -> nivel0, score=1.000, confianca=alta, painel=False, 1 resultado(s), 0.09s
[22:03:51] [SIGTAP] 'metilprednisolona' (cat=MEDICAMENTO): busca restrita a 404 de 4994 procedimentos.
[22:03:51] [TOOL] 'metilprednisolona' (cat=MEDICAMENTO) -> nivel1, score=0.200, confianca=media, painel=False, 3 resultado(s), 0.02s
[22:03:51] [SIGTAP] 'Fisioterapia respiratória' (cat=PROCEDIMENTO): busca restrita a 2700 de 4994 procedimentos.
[22:03:51] [SEMANTICO] 'fisioterapia respiratoria': 0.825 (limiar 0.8) -> TRATAMENTO DE OUTRAS DOENCAS DO APARELHO RESPIRATORIO
[22:03:51] [TOOL] 'Fisioterapia respiratória' (cat=PROCEDIMENTO) -> nivel_semantico, score=0.825, confianca=baixa, painel=False, 1 resultado(s), 0.16s
[22:03:51] [SIGTAP] 'nebulização' (cat=PROCEDIMENTO): busca restrita a 2700 de 4994 procedimentos.
[22:03:52] [TOOL] 'nebulização' (cat=PROCEDIMENTO) -> nivel1, score=0.500, confianca=media, painel=False, 1 resultado(s), 0.05s
[22:03:52] [SIGTAP] 'broncodilatador' (cat=MEDICAMENTO): busca restrita a 404 de 4994 procedimentos.
[22:03:52] [SEMANTICO] 'broncodilatador': 0.599 (limiar 0.8) -> BROMOCRIPTINA 2,5 MG (POR COMPRIMIDO)
[22:03:52] [TOOL] 'broncodilatador' (cat=MEDICAMENTO) -> vazio, 0.09s
[22:03:52] [SIGTAP] 'lactato' (cat=EXAME): busca restrita a 1105 de 4994 procedimentos.
[22:03:52] [TOOL] 'lactato' (cat=EXAME) -> nivel1, score=0.500, confianca=media, painel=False, 2 resultado(s), 0.03s
[22:03:52] [NIVEL0] 'gasometria arterial' -> ['gasometria']
[22:03:52] [TOOL] 'gasometria arterial' (cat=EXAME) -> nivel0, score=1.000, confianca=alta, painel=False, 1 resultado(s), 0.07s
[22:09:59] [SIGTAP] Iniciando servidor MCP...
[22:09:59] [NIVEL0] Dicionário carregado: 29 sinônimo(s), 23 termo(s) não faturável(is).
[22:09:59] [SIGTAP] Conectando ao Postgres em localhost:5432/sigtap (timeout=5s)...
[22:09:59] [SIGTAP] Tabela carregada: 4994 procedimentos, 9 grupos, em 0.3s.
[22:09:59] [SEMANTICO] Cache reaproveitado (4994 linhas).
[22:09:59] [SEMANTICO] Carregando modelo 'paraphrase-multilingual-MiniLM-L12-v2' (HF_HUB_OFFLINE=1)...
[22:10:04] [SEMANTICO] Modelo carregado em 4.6s.
[22:10:04] [AQUECIMENTO] Primeiro encode em 0.1s.
[22:10:04] [AQUECIMENTO] Concluído em 5.0s — as buscas já respondem sem atraso inicial.
[22:10:04] [SIGTAP] Pronto, aguardando conexão via stdio...
[22:10:10] [NIVEL0] 'intubáção orotraqueal' marcado como não faturável separadamente (procedimentos_embutidos).
[22:10:10] [TOOL] 'intubáção orotraqueal' (cat=PROCEDIMENTO) -> nao_faturavel, 0.00s
[22:10:10] [SIGTAP] 'ventilação mecânica invasiva' (cat=PROCEDIMENTO): busca restrita a 2700 de 4994 procedimentos.
[22:10:10] [TOOL] 'ventilação mecânica invasiva' (cat=PROCEDIMENTO) -> nivel1, score=0.333, confianca=media, painel=False, 1 resultado(s), 0.02s
[22:10:10] [SIGTAP] 'midazolam' (cat=MEDICAMENTO): busca restrita a 404 de 4994 procedimentos.
[22:10:10] [SEMANTICO] 'midazolam': 0.651 (limiar 0.8) -> ABCIXIMABE
[22:10:10] [TOOL] 'midazolam' (cat=MEDICAMENTO) -> vazio, 0.02s
[22:10:10] [SIGTAP] 'fentanil' (cat=MEDICAMENTO): busca restrita a 404 de 4994 procedimentos.
[22:10:10] [SEMANTICO] 'fentanil': 0.667 (limiar 0.8) -> MORFINA  DE LIBERACAO CONTROLADA 60 MG (POR CAPSULA)
[22:10:10] [TOOL] 'fentanil' (cat=MEDICAMENTO) -> vazio, 0.02s
[22:10:10] [NIVEL0] 'sedoanalgesia' marcado como não faturável separadamente (procedimentos_embutidos).
[22:10:10] [TOOL] 'sedoanalgesia' (cat=PROCEDIMENTO) -> nao_faturavel, 0.00s
[22:10:10] [SIGTAP] 'hemograma completo' (cat=EXAME): busca restrita a 1105 de 4994 procedimentos.
[22:10:10] [TOOL] 'hemograma completo' (cat=EXAME) -> nivel1, score=1.000, confianca=alta, painel=False, 1 resultado(s), 0.02s
[22:10:10] [SIGTAP] 'hemocultura' (cat=EXAME): busca restrita a 1105 de 4994 procedimentos.
[22:10:10] [TOOL] 'hemocultura' (cat=EXAME) -> nivel1, score=1.000, confianca=alta, painel=False, 1 resultado(s), 0.00s
[22:10:10] [SIGTAP] 'piperacilina-tazobactam' (cat=MEDICAMENTO): busca restrita a 404 de 4994 procedimentos.
[22:10:10] [SEMANTICO] 'piperacilina tazobactam': 0.661 (limiar 0.8) -> TAFAMIDIS 61 MG (POR CÁPSULA)
[22:10:10] [TOOL] 'piperacilina-tazobactam' (cat=MEDICAMENTO) -> vazio, 0.03s
[22:10:10] [NIVEL0] 'raio-x de tórax' -> ['radiografia de torax']
[22:10:10] [TOOL] 'raio-x de tórax' (cat=EXAME) -> nivel0, score=1.000, confianca=alta, painel=False, 1 resultado(s), 0.02s
[22:10:10] [SIGTAP] 'Cateter venoso central' (cat=MATERIAL): busca restrita a 540 de 4994 procedimentos.
[22:10:10] [TOOL] 'Cateter venoso central' (cat=MATERIAL) -> nivel1, score=0.600, confianca=alta, painel=False, 4 resultado(s), 0.00s
[22:10:11] [SIGTAP] 'eletrocardiograma' (cat=EXAME): busca restrita a 1105 de 4994 procedimentos.
[22:10:11] [TOOL] 'eletrocardiograma' (cat=EXAME) -> nivel1, score=1.000, confianca=alta, painel=False, 3 resultado(s), 0.01s
[22:10:11] [NIVEL0] 'monitor cardíaco' marcado como não faturável separadamente (procedimentos_embutidos).
[22:10:11] [TOOL] 'monitor cardíaco' (cat=MATERIAL) -> nao_faturavel, 0.00s
[22:10:11] [SIGTAP] 'troponina' (cat=EXAME): busca restrita a 1105 de 4994 procedimentos.
[22:10:11] [TOOL] 'troponina' (cat=EXAME) -> nivel1, score=0.500, confianca=media, painel=False, 1 resultado(s), 0.00s
[22:10:11] [NIVEL0] 'CK-MB' -> ['creatinofosfoquinase fracao mb']
[22:10:11] [TOOL] 'CK-MB' (cat=EXAME) -> nivel0, score=1.000, confianca=alta, painel=False, 1 resultado(s), 0.02s
[22:10:11] [NIVEL0] 'gasometria arterial' -> ['gasometria']
[22:10:11] [TOOL] 'gasometria arterial' (cat=EXAME) -> nivel0, score=1.000, confianca=alta, painel=False, 1 resultado(s), 0.02s
[22:10:11] [NIVEL0] 'adrenalina' marcado como não faturável separadamente (medicamentos_uso_hospitalar).
[22:10:11] [TOOL] 'adrenalina' (cat=MEDICAMENTO) -> nao_faturavel, 0.00s
[22:10:11] [SIGTAP] 'ecocardiograma à beira leito' (cat=EXAME): busca restrita a 1105 de 4994 procedimentos.
[22:10:11] [SEMANTICO] 'ecocardiograma a beira leito': 0.844 (limiar 0.8) -> ECOCARDIOGRAFIA TRANSTORACICA
[22:10:11] [TOOL] 'ecocardiograma à beira leito' (cat=EXAME) -> nivel_semantico, score=0.844, confianca=baixa, painel=False, 1 resultado(s), 0.04s
[22:10:11] [NIVEL0] 'noradrenalina' marcado como não faturável separadamente (medicamentos_uso_hospitalar).
[22:10:11] [TOOL] 'noradrenalina' (cat=MEDICAMENTO) -> nao_faturavel, 0.00s
[22:10:11] [NIVEL0] 'Sondagem vesical de demora' -> ['cateterismo vesical de demora']
[22:10:11] [TOOL] 'Sondagem vesical de demora' (cat=MATERIAL) -> nivel0, score=1.000, confianca=alta, painel=False, 1 resultado(s), 0.02s
[22:10:11] [SIGTAP] 'tomografia computadorizada de crânio' (cat=EXAME): busca restrita a 1105 de 4994 procedimentos.
[22:10:11] [TOOL] 'tomografia computadorizada de crânio' (cat=EXAME) -> nivel1, score=1.000, confianca=alta, painel=False, 1 resultado(s), 0.01s
[22:10:12] [SIGTAP] 'laparotomia exploradora' (cat=PROCEDIMENTO): busca restrita a 2700 de 4994 procedimentos.
[22:10:12] [TOOL] 'laparotomia exploradora' (cat=PROCEDIMENTO) -> nivel1, score=1.000, confianca=alta, painel=False, 2 resultado(s), 0.01s
[22:10:12] [SIGTAP] 'drenagem de abscesso' (cat=PROCEDIMENTO): busca restrita a 2700 de 4994 procedimentos.
[22:10:12] [TOOL] 'drenagem de abscesso' (cat=PROCEDIMENTO) -> nivel1, score=1.000, confianca=alta, painel=False, 18 resultado(s), 0.01s
[22:10:12] [NIVEL0] 'vancomicina' marcado como não faturável separadamente (medicamentos_uso_hospitalar).
[22:10:12] [TOOL] 'vancomicina' (cat=MEDICAMENTO) -> nao_faturavel, 0.00s
[22:10:12] [SIGTAP] 'lactato' (cat=EXAME): busca restrita a 1105 de 4994 procedimentos.
[22:10:12] [TOOL] 'lactato' (cat=EXAME) -> nivel1, score=0.500, confianca=media, painel=False, 2 resultado(s), 0.01s
[22:10:12] [NIVEL0] 'PCR' -> ['proteina c reativa']
[22:10:12] [TOOL] 'PCR' (cat=EXAME) -> nivel0, score=1.000, confianca=alta, painel=False, 1 resultado(s), 0.01s
[22:10:12] [SIGTAP] 'procalcitonina' (cat=EXAME): busca restrita a 1105 de 4994 procedimentos.
[22:10:12] [SEMANTICO] 'procalcitonina': 0.705 (limiar 0.8) -> DOSAGEM DE PROLACTINA
[22:10:12] [TOOL] 'procalcitonina' (cat=EXAME) -> vazio, 0.03s
[22:10:12] [NIVEL0] 'ultrassom abdominal' -> ['ultrassonografia de abdomen total']
[22:10:12] [TOOL] 'ultrassom abdominal' (cat=EXAME) -> nivel0, score=1.000, confianca=alta, painel=False, 1 resultado(s), 0.02s
[22:10:12] [SIGTAP] 'cateter arterial' (cat=MATERIAL): busca restrita a 540 de 4994 procedimentos.
[22:10:12] [TOOL] 'cateter arterial' (cat=MATERIAL) -> nivel1, score=0.400, confianca=media, painel=False, 1 resultado(s), 0.00s
[22:10:12] [SIGTAP] 'Hemotransfusão' (cat=PROCEDIMENTO): busca restrita a 2700 de 4994 procedimentos.
[22:10:12] [SEMANTICO] 'hemotransfusao': 0.839 (limiar 0.8) -> HEMOFILTRAÇÃO
[22:10:12] [TOOL] 'Hemotransfusão' (cat=PROCEDIMENTO) -> nivel_semantico, score=0.839, confianca=baixa, painel=False, 1 resultado(s), 0.05s
[22:10:12] [SIGTAP] 'curativo' (cat=PROCEDIMENTO): busca restrita a 2700 de 4994 procedimentos.
[22:10:12] [TOOL] 'curativo' (cat=PROCEDIMENTO) -> nivel1, score=0.500, confianca=media, painel=False, 8 resultado(s), 0.01s
[22:10:12] [NIVEL0] 'dreno abdominal' marcado como não faturável separadamente (materiais_descartaveis).
[22:10:12] [TOOL] 'dreno abdominal' (cat=MATERIAL) -> nao_faturavel, 0.00s
[22:10:13] [NIVEL0] 'manitol' marcado como não faturável separadamente (medicamentos_uso_hospitalar).
[22:10:13] [TOOL] 'manitol' (cat=MEDICAMENTO) -> nao_faturavel, 0.00s
[22:10:13] [SIGTAP] 'dexametasona' (cat=MEDICAMENTO): busca restrita a 404 de 4994 procedimentos.
[22:10:13] [SEMANTICO] 'dexametasona': 0.504 (limiar 0.8) -> CLORIDRATO DE TIROFIBANA
[22:10:13] [TOOL] 'dexametasona' (cat=MEDICAMENTO) -> vazio, 0.02s
[22:10:13] [SIGTAP] 'Fisioterapia motora' (cat=PROCEDIMENTO): busca restrita a 2700 de 4994 procedimentos.
[22:10:13] [SEMANTICO] 'fisioterapia motora': 0.833 (limiar 0.8) -> ATENDIMENTO FISIOTERAPÊUTICO NAS ALTERAÇÕES MOTORAS
[22:10:13] [TOOL] 'Fisioterapia motora' (cat=PROCEDIMENTO) -> nivel_semantico, score=0.833, confianca=baixa, painel=False, 1 resultado(s), 0.04s
[22:10:13] [NIVEL0] 'líquido cefalorraquidiano' -> ['celulas no liquor']
[22:10:13] [TOOL] 'líquido cefalorraquidiano' (cat=EXAME) -> nivel0, score=1.000, confianca=alta, painel=False, 1 resultado(s), 0.02s
[22:10:13] [SIGTAP] 'eletroencefalograma' (cat=EXAME): busca restrita a 1105 de 4994 procedimentos.
[22:10:13] [TOOL] 'eletroencefalograma' (cat=EXAME) -> nivel1, score=0.250, confianca=media, painel=False, 5 resultado(s), 0.01s
[22:10:13] [NIVEL0] 'Sonda nasoenteral' marcado como não faturável separadamente (materiais_descartaveis).
[22:10:13] [TOOL] 'Sonda nasoenteral' (cat=MATERIAL) -> nao_faturavel, 0.00s
[22:10:14] [SIGTAP] 'hemodiálise' (cat=PROCEDIMENTO): busca restrita a 2700 de 4994 procedimentos.
[22:10:14] [TOOL] 'hemodiálise' (cat=PROCEDIMENTO) -> nivel1, score=0.500, confianca=media, painel=False, 10 resultado(s), 0.01s
[22:10:14] [SIGTAP] 'cateter de duplo lúmen' (cat=MATERIAL): busca restrita a 540 de 4994 procedimentos.
[22:10:14] [TOOL] 'cateter de duplo lúmen' (cat=MATERIAL) -> nivel1, score=0.600, confianca=alta, painel=False, 4 resultado(s), 0.00s
[22:10:14] [SIGTAP] 'ureia' (cat=EXAME): busca restrita a 1105 de 4994 procedimentos.
[22:10:14] [TOOL] 'ureia' (cat=EXAME) -> nivel1, score=0.500, confianca=media, painel=False, 2 resultado(s), 0.01s
[22:10:14] [SIGTAP] 'creatinina' (cat=EXAME): busca restrita a 1105 de 4994 procedimentos.
[22:10:14] [TOOL] 'creatinina' (cat=EXAME) -> nivel1, score=0.500, confianca=media, painel=False, 3 resultado(s), 0.01s
[22:10:14] [NIVEL0] 'bicarbonato de sódio' marcado como não faturável separadamente (medicamentos_uso_hospitalar).
[22:10:14] [TOOL] 'bicarbonato de sódio' (cat=MEDICAMENTO) -> nao_faturavel, 0.00s
[22:10:14] [NIVEL0] 'ultrassom renal' -> ['ultrassonografia de aparelho urinario']
[22:10:14] [TOOL] 'ultrassom renal' (cat=EXAME) -> nivel0, score=1.000, confianca=alta, painel=False, 1 resultado(s), 0.02s
[22:10:14] [SIGTAP] 'albumina humana' (cat=MEDICAMENTO): busca restrita a 404 de 4994 procedimentos.
[22:10:14] [TOOL] 'albumina humana' (cat=MEDICAMENTO) -> nivel1, score=0.286, confianca=media, painel=False, 1 resultado(s), 0.00s
[22:10:15] [SIGTAP] 'curativo' (cat=PROCEDIMENTO): busca restrita a 2700 de 4994 procedimentos.
[22:10:15] [TOOL] 'curativo' (cat=PROCEDIMENTO) -> nivel1, score=0.500, confianca=media, painel=False, 8 resultado(s), 0.01s
[22:10:15] [NIVEL0] 'sulfadiazina de prata' marcado como não faturável separadamente (medicamentos_uso_hospitalar).
[22:10:15] [TOOL] 'sulfadiazina de prata' (cat=MEDICAMENTO) -> nao_faturavel, 0.00s
[22:10:15] [SIGTAP] 'morfina' (cat=MEDICAMENTO): busca restrita a 404 de 4994 procedimentos.
[22:10:15] [TOOL] 'morfina' (cat=MEDICAMENTO) -> nivel1, score=0.333, confianca=media, painel=False, 7 resultado(s), 0.00s
[22:10:15] [SIGTAP] 'cultura de ferida' (cat=EXAME): busca restrita a 1105 de 4994 procedimentos.
[22:10:15] [SEMANTICO] 'cultura de ferida': 0.492 (limiar 0.8) -> ARTROGRAFIA
[22:10:15] [TOOL] 'cultura de ferida' (cat=EXAME) -> vazio, 0.03s
[22:10:15] [SIGTAP] 'swab de queimadura' (cat=EXAME): busca restrita a 1105 de 4994 procedimentos.
[22:10:15] [SEMANTICO] 'swab de queimadura': 0.514 (limiar 0.8) -> PREPARO DE COMPONENTES LAVADOS
[22:10:15] [TOOL] 'swab de queimadura' (cat=EXAME) -> vazio, 0.03s
[22:10:15] [SIGTAP] 'enxertia de pele' (cat=PROCEDIMENTO): busca restrita a 2700 de 4994 procedimentos.
[22:10:15] [TOOL] 'enxertia de pele' (cat=PROCEDIMENTO) -> nivel2, score=0.591, confianca=media, painel=False, 2 resultado(s), 0.02s
[22:10:15] [NIVEL0] 'proteína C reativa' -> ['proteina c reativa']
[22:10:15] [TOOL] 'proteína C reativa' (cat=EXAME) -> nivel0, score=1.000, confianca=alta, painel=False, 1 resultado(s), 0.02s
[22:10:15] [SIGTAP] 'albumina sérica' (cat=EXAME): busca restrita a 1105 de 4994 procedimentos.
[22:10:15] [SEMANTICO] 'albumina serica': 0.580 (limiar 0.8) -> FUNDOSCOPIA
[22:10:15] [TOOL] 'albumina sérica' (cat=EXAME) -> vazio, 0.03s
[22:10:16] [SIGTAP] 'alteplase' (cat=MEDICAMENTO): busca restrita a 404 de 4994 procedimentos.
[22:10:16] [TOOL] 'alteplase' (cat=MEDICAMENTO) -> nivel1, score=0.167, confianca=media, painel=False, 3 resultado(s), 0.00s
[22:10:16] [SIGTAP] 'tomografia computadorizada de crânio' (cat=EXAME): busca restrita a 1105 de 4994 procedimentos.
[22:10:16] [TOOL] 'tomografia computadorizada de crânio' (cat=EXAME) -> nivel1, score=1.000, confianca=alta, painel=False, 1 resultado(s), 0.01s
[22:10:16] [SIGTAP] 'angiotomografia de vasos cerebrais' (cat=EXAME): busca restrita a 1105 de 4994 procedimentos.
[22:10:16] [SEMANTICO] 'angiotomografia de vasos cerebrais': 0.916 (limiar 0.8) -> ANGIOGRAFIA CEREBRAL (4 VASOS)
[22:10:16] [TOOL] 'angiotomografia de vasos cerebrais' (cat=EXAME) -> nivel_semantico, score=0.916, confianca=media, painel=False, 1 resultado(s), 0.03s
[22:10:16] [NIVEL0] 'cateter nasal de oxiganio' casado com a chave 'cateter nasal de oxigenio' (similaridade 96; provável corrupção do termo pelo LLM).
[22:10:16] [NIVEL0] 'cateter nasal de oxigânio' marcado como não faturável separadamente (materiais_descartaveis).
[22:10:16] [TOOL] 'cateter nasal de oxigânio' (cat=MATERIAL) -> nao_faturavel, 0.00s
[22:10:16] [NIVEL0] 'coagulograma' -> ['tempo de protrombina', 'tempo de tromboplastina parcial ativada']
[22:10:16] [TOOL] 'coagulograma' (cat=EXAME) -> nivel0, score=1.000, confianca=alta, painel=True, 2 resultado(s), 0.03s
[22:10:16] [NIVEL0] 'perfil lipídico' -> ['colesterol total', 'triglicerideos', 'colesterol hdl']
[22:10:16] [TOOL] 'perfil lipídico' (cat=EXAME) -> nivel0, score=1.000, confianca=alta, painel=True, 3 resultado(s), 0.06s
[22:10:16] [SIGTAP] 'Fisioterapia neurológica' (cat=PROCEDIMENTO): busca restrita a 2700 de 4994 procedimentos.
[22:10:16] [SEMANTICO] 'fisioterapia neurologica': 0.821 (limiar 0.8) -> ATENDIMENTO FISIOTERAPÊUTICO NAS DESORDENS DO DESENVOLVIMENT
[22:10:16] [TOOL] 'Fisioterapia neurológica' (cat=PROCEDIMENTO) -> nivel_semantico, score=0.821, confianca=baixa, painel=False, 1 resultado(s), 0.05s
[22:10:16] [NIVEL0] 'Sonda vesical de demora' -> ['cateterismo vesical de demora']
[22:10:16] [TOOL] 'Sonda vesical de demora' (cat=MATERIAL) -> nivel0, score=1.000, confianca=alta, painel=False, 1 resultado(s), 0.02s
[22:10:16] [SIGTAP] 'Doppler transcraniano' (cat=EXAME): busca restrita a 1105 de 4994 procedimentos.
[22:10:16] [SEMANTICO] 'doppler transcraniano': 0.535 (limiar 0.8) -> FOCALIZAÇÃO ISOELÉTRICA DA TRANSFERRINA
[22:10:16] [TOOL] 'Doppler transcraniano' (cat=EXAME) -> nivel3, score=1.000, confianca=media, painel=False, 1 resultado(s), 0.04s
[22:10:17] [SIGTAP] 'insulina regular' (cat=MEDICAMENTO): busca restrita a 404 de 4994 procedimentos.
[22:10:17] [SEMANTICO] 'insulina regular': 0.796 (limiar 0.8) -> INSULINA ANÁLOGA DE AÇÃO PROLONGADA DE 100 UI/ML
[22:10:17] [TOOL] 'insulina regular' (cat=MEDICAMENTO) -> vazio, 0.03s
[22:10:17] [SIGTAP] 'bomba de infusão' (cat=MATERIAL): busca restrita a 540 de 4994 procedimentos.
[22:10:17] [TOOL] 'bomba de infusão' (cat=MATERIAL) -> nivel1, score=0.286, confianca=media, painel=False, 1 resultado(s), 0.00s
[22:10:17] [NIVEL0] 'Reposição volémica' marcado como não faturável separadamente (procedimentos_embutidos).
[22:10:17] [TOOL] 'Reposição volémica' (cat=PROCEDIMENTO) -> nao_faturavel, 0.00s
[22:10:17] [NIVEL0] 'solução salina' marcado como não faturável separadamente (medicamentos_uso_hospitalar).
[22:10:17] [TOOL] 'solução salina' (cat=MEDICAMENTO) -> nao_faturavel, 0.00s
[22:10:17] [SIGTAP] 'glicemia capilar' (cat=EXAME): busca restrita a 1105 de 4994 procedimentos.
[22:10:17] [TOOL] 'glicemia capilar' (cat=EXAME) -> nivel1, score=1.000, confianca=alta, painel=False, 1 resultado(s), 0.01s
[22:10:17] [NIVEL0] 'gasometria venosa' -> ['gasometria']
[22:10:17] [TOOL] 'gasometria venosa' (cat=EXAME) -> nivel0, score=1.000, confianca=alta, painel=False, 1 resultado(s), 0.02s
[22:10:17] [NIVEL0] 'cetonemia' -> ['corpos cetonicos']
[22:10:17] [TOOL] 'cetonemia' (cat=EXAME) -> nivel0, score=1.000, confianca=alta, painel=False, 1 resultado(s), 0.02s
[22:10:17] [NIVEL0] 'cloreto de potássio' marcado como não faturável separadamente (medicamentos_uso_hospitalar).
[22:10:17] [TOOL] 'cloreto de potássio' (cat=MEDICAMENTO) -> nao_faturavel, 0.00s
[22:10:17] [SIGTAP] 'eletrocardiograma' (cat=EXAME): busca restrita a 1105 de 4994 procedimentos.
[22:10:17] [TOOL] 'eletrocardiograma' (cat=EXAME) -> nivel1, score=1.000, confianca=alta, painel=False, 3 resultado(s), 0.01s
[22:10:17] [NIVEL0] 'Monitor cardíaco' marcado como não faturável separadamente (procedimentos_embutidos).
[22:10:17] [TOOL] 'Monitor cardíaco' (cat=MATERIAL) -> nao_faturavel, 0.00s
[22:10:17] [SIGTAP] 'hemograma completo' (cat=EXAME): busca restrita a 1105 de 4994 procedimentos.
[22:10:17] [TOOL] 'hemograma completo' (cat=EXAME) -> nivel1, score=1.000, confianca=alta, painel=False, 1 resultado(s), 0.01s
[22:10:23] [SIGTAP] 'ecocardiograma transesofágico' (cat=EXAME): busca restrita a 1105 de 4994 procedimentos.
[22:10:23] [SEMANTICO] 'ecocardiograma transesofagico': 0.908 (limiar 0.8) -> ECOCARDIOGRAFIA TRANSESOFAGICA
[22:10:23] [TOOL] 'ecocardiograma transesofágico' (cat=EXAME) -> nivel_semantico, score=0.908, confianca=media, painel=False, 1 resultado(s), 0.04s
[22:10:23] [NIVEL0] 'cateter de Swan-Ganz' marcado como não faturável separadamente (materiais_descartaveis).
[22:10:23] [TOOL] 'cateter de Swan-Ganz' (cat=MATERIAL) -> nao_faturavel, 0.00s
[22:10:23] [NIVEL0] 'protamina' marcado como não faturável separadamente (medicamentos_uso_hospitalar).
[22:10:23] [TOOL] 'protamina' (cat=MEDICAMENTO) -> nao_faturavel, 0.00s
[22:10:23] [NIVEL0] 'heparina' marcado como não faturável separadamente (medicamentos_uso_hospitalar).
[22:10:23] [TOOL] 'heparina' (cat=MEDICAMENTO) -> nao_faturavel, 0.00s
[22:10:23] [NIVEL0] 'raio-x de tórax' -> ['radiografia de torax']
[22:10:23] [TOOL] 'raio-x de tórax' (cat=EXAME) -> nivel0, score=1.000, confianca=alta, painel=False, 1 resultado(s), 0.02s
[22:10:23] [NIVEL0] 'Drenos mediastinais' marcado como não faturável separadamente (materiais_descartaveis).
[22:10:23] [TOOL] 'Drenos mediastinais' (cat=MATERIAL) -> nao_faturavel, 0.00s
[22:10:23] [SIGTAP] 'Fisioterapia respiratória' (cat=PROCEDIMENTO): busca restrita a 2700 de 4994 procedimentos.
[22:10:23] [SEMANTICO] 'fisioterapia respiratoria': 0.825 (limiar 0.8) -> TRATAMENTO DE OUTRAS DOENCAS DO APARELHO RESPIRATORIO
[22:10:23] [TOOL] 'Fisioterapia respiratória' (cat=PROCEDIMENTO) -> nivel_semantico, score=0.825, confianca=baixa, painel=False, 1 resultado(s), 0.06s
[22:10:23] [SIGTAP] 'troponina' (cat=EXAME): busca restrita a 1105 de 4994 procedimentos.
[22:10:23] [TOOL] 'troponina' (cat=EXAME) -> nivel1, score=0.500, confianca=media, painel=False, 1 resultado(s), 0.01s
[22:10:23] [NIVEL0] 'coagulograma' -> ['tempo de protrombina', 'tempo de tromboplastina parcial ativada']
[22:10:23] [TOOL] 'coagulograma' (cat=EXAME) -> nivel0, score=1.000, confianca=alta, painel=True, 2 resultado(s), 0.03s
[22:10:32] [NIVEL0] 'oseltamivir' marcado como não faturável separadamente (medicamentos_uso_hospitalar).
[22:10:32] [TOOL] 'oseltamivir' (cat=MEDICAMENTO) -> nao_faturavel, 0.00s
[22:10:32] [NIVEL0] 'azitromicina' marcado como não faturável separadamente (medicamentos_uso_hospitalar).
[22:10:32] [TOOL] 'azitromicina' (cat=MEDICAMENTO) -> nao_faturavel, 0.00s
[22:10:33] [SIGTAP] 'ventilação não invasiva' (cat=PROCEDIMENTO): busca restrita a 2700 de 4994 procedimentos.
[22:10:33] [TOOL] 'ventilação não invasiva' (cat=PROCEDIMENTO) -> nivel1, score=0.429, confianca=media, painel=False, 2 resultado(s), 0.01s
[22:10:33] [NIVEL0] 'máscara facial total' marcado como não faturável separadamente (materiais_descartaveis).
[22:10:33] [TOOL] 'máscara facial total' (cat=MATERIAL) -> nao_faturavel, 0.00s
[22:10:33] [SIGTAP] 'painel viral respiratório' (cat=EXAME): busca restrita a 1105 de 4994 procedimentos.
[22:10:33] [SEMANTICO] 'painel viral respiratorio': 0.771 (limiar 0.8) -> PESQUISA DE ANTICORPOS E/OU ANTIGENO DO VIRUS SINCICIAL RESP
[22:10:33] [TOOL] 'painel viral respiratório' (cat=EXAME) -> vazio, 0.03s
[22:10:33] [NIVEL0] 'raio-x de tórax' -> ['radiografia de torax']
[22:10:33] [TOOL] 'raio-x de tórax' (cat=EXAME) -> nivel0, score=1.000, confianca=alta, painel=False, 1 resultado(s), 0.01s
[22:10:33] [NIVEL0] 'tomografia de tórax' -> ['tomografia computadorizada de torax']
[22:10:33] [TOOL] 'tomografia de tórax' (cat=EXAME) -> nivel0, score=1.000, confianca=alta, painel=False, 1 resultado(s), 0.02s
[22:10:33] [SIGTAP] 'metilprednisolona' (cat=MEDICAMENTO): busca restrita a 404 de 4994 procedimentos.
[22:10:33] [TOOL] 'metilprednisolona' (cat=MEDICAMENTO) -> nivel1, score=0.200, confianca=media, painel=False, 3 resultado(s), 0.00s
[22:10:33] [SIGTAP] 'Fisioterapia respiratória' (cat=PROCEDIMENTO): busca restrita a 2700 de 4994 procedimentos.
[22:10:33] [SEMANTICO] 'fisioterapia respiratoria': 0.825 (limiar 0.8) -> TRATAMENTO DE OUTRAS DOENCAS DO APARELHO RESPIRATORIO
[22:10:33] [TOOL] 'Fisioterapia respiratória' (cat=PROCEDIMENTO) -> nivel_semantico, score=0.825, confianca=baixa, painel=False, 1 resultado(s), 0.05s
[22:10:33] [SIGTAP] 'nebulização' (cat=PROCEDIMENTO): busca restrita a 2700 de 4994 procedimentos.
[22:10:33] [TOOL] 'nebulização' (cat=PROCEDIMENTO) -> nivel1, score=0.500, confianca=media, painel=False, 1 resultado(s), 0.01s
[22:10:33] [SIGTAP] 'broncodilatador' (cat=MEDICAMENTO): busca restrita a 404 de 4994 procedimentos.
[22:10:33] [SEMANTICO] 'broncodilatador': 0.599 (limiar 0.8) -> BROMOCRIPTINA 2,5 MG (POR COMPRIMIDO)
[22:10:33] [TOOL] 'broncodilatador' (cat=MEDICAMENTO) -> vazio, 0.03s
[22:10:33] [SIGTAP] 'lactato' (cat=EXAME): busca restrita a 1105 de 4994 procedimentos.
[22:10:33] [TOOL] 'lactato' (cat=EXAME) -> nivel1, score=0.500, confianca=media, painel=False, 2 resultado(s), 0.01s
[22:10:33] [NIVEL0] 'gasometria arterial' -> ['gasometria']
[22:10:33] [TOOL] 'gasometria arterial' (cat=EXAME) -> nivel0, score=1.000, confianca=alta, painel=False, 1 resultado(s), 0.02s
[10:35:13] [SIGTAP] Iniciando servidor MCP...
[10:35:13] [NIVEL0] Dicionário carregado: 29 sinônimo(s), 23 termo(s) não faturável(is).
[10:35:13] [SIGTAP] Conectando ao Postgres em localhost:5432/sigtap (timeout=5s)...
[10:35:14] [SIGTAP] Tabela carregada: 4994 procedimentos, 9 grupos, em 0.7s.
[10:35:14] [SEMANTICO] Cache reaproveitado (4994 linhas).
[10:35:14] [SEMANTICO] Carregando modelo 'paraphrase-multilingual-MiniLM-L12-v2' (HF_HUB_OFFLINE=1)...
[10:35:27] [SEMANTICO] Modelo carregado em 13.1s.
[10:35:27] [AQUECIMENTO] Primeiro encode em 0.3s.
[10:35:27] [AQUECIMENTO] Concluído em 14.2s — as buscas já respondem sem atraso inicial.
[10:35:27] [SIGTAP] Nível 4 (agente): ATIVO, teto de 4 tentativas por termo.
[10:35:27] [SIGTAP] Pronto, aguardando conexão via stdio...
[10:35:33] [NIVEL0] 'intubáção orotraqueal' marcado como não faturável separadamente (procedimentos_embutidos).
[10:35:33] [TOOL] 'intubáção orotraqueal' (cat=PROCEDIMENTO) -> nao_faturavel, 0.00s
[10:35:33] [SIGTAP] 'ventilação mecânica invasiva' (cat=PROCEDIMENTO): busca restrita a 2700 de 4994 procedimentos.
[10:35:33] [TOOL] 'ventilação mecânica invasiva' (cat=PROCEDIMENTO) -> nivel1, score=0.333, confianca=media, painel=False, 1 resultado(s), 0.04s
[10:35:33] [SIGTAP] 'midazolam' (cat=MEDICAMENTO): busca restrita a 404 de 4994 procedimentos.
[10:35:33] [SEMANTICO] 'midazolam': 0.651 (limiar 0.8) -> ABCIXIMABE
[10:35:33] [NIVEL4] Agente usando API (groq): llama-3.3-70b-versatile
[10:35:36] [NIVEL4] ===== Iniciando ciclo para 'midazolam' (categoria=MEDICAMENTO, teto de 4 tentativas) =====
[10:35:37] [NIVEL4] Tentativa 1: BUSCAR 'midazolam' — tentar busca exata novamente, considerando que o termo pode estar registrado com letras maiúsculas ou minúsculas no SIGTAP
[10:35:37] [SEMANTICO] 'midazolam': 0.651 (limiar 0.8) -> ABCIXIMABE
[10:35:37] [NIVEL4]   -> nada encontrado para 'midazolam'
[10:35:38] [NIVEL4] Tentativa 2: DESISTIR — medicamentos de uso hospitalar rotineiro geralmente não têm código próprio no SIGTAP e não são faturáveis separadamente
[10:35:38] [NIVEL4] ===== Ciclo de 'midazolam' encerrado sem correspondência (2 tentativa(s)) =====
[10:35:38] [TOOL] 'midazolam' (cat=MEDICAMENTO) -> vazio, 4.93s
[10:35:38] [SIGTAP] 'fentanil' (cat=MEDICAMENTO): busca restrita a 404 de 4994 procedimentos.
[10:35:38] [SEMANTICO] 'fentanil': 0.667 (limiar 0.8) -> MORFINA  DE LIBERACAO CONTROLADA 60 MG (POR CAPSULA)
[10:35:38] [NIVEL4] ===== Iniciando ciclo para 'fentanil' (categoria=MEDICAMENTO, teto de 4 tentativas) =====
[10:35:38] [NIVEL4] Tentativa 1: BUSCAR 'FENTANIL' — tentar busca exata com letras maiúsculas
[10:35:38] [SEMANTICO] 'fentanil': 0.667 (limiar 0.8) -> MORFINA  DE LIBERACAO CONTROLADA 60 MG (POR CAPSULA)
[10:35:38] [NIVEL4]   -> nada encontrado para 'FENTANIL'
[10:35:39] [NIVEL4] Tentativa 2: BUSCAR 'ANESTESICO FENTANIL' — tentar incluir categoria ou classe do medicamento
[10:35:39] [SEMANTICO] 'anestesico fentanil': 0.679 (limiar 0.8) -> MORFINA  DE LIBERACAO CONTROLADA 60 MG (POR CAPSULA)
[10:35:39] [NIVEL4]   -> nada encontrado para 'ANESTESICO FENTANIL'
[10:35:40] [NIVEL4] Tentativa 3: DESISTIR — medicamento de uso hospitalar rotineiro, provavelmente não tem código próprio no SIGTAP
[10:35:40] [NIVEL4] ===== Ciclo de 'fentanil' encerrado sem correspondência (3 tentativa(s)) =====
[10:35:40] [TOOL] 'fentanil' (cat=MEDICAMENTO) -> vazio, 1.84s
[10:35:40] [NIVEL0] 'sedoanalgesia' marcado como não faturável separadamente (procedimentos_embutidos).
[10:35:40] [TOOL] 'sedoanalgesia' (cat=PROCEDIMENTO) -> nao_faturavel, 0.00s
[10:35:40] [SIGTAP] 'hemograma completo' (cat=EXAME): busca restrita a 1105 de 4994 procedimentos.
[10:35:40] [TOOL] 'hemograma completo' (cat=EXAME) -> nivel1, score=1.000, confianca=alta, painel=False, 1 resultado(s), 0.01s
[10:35:40] [SIGTAP] 'hemocultura' (cat=EXAME): busca restrita a 1105 de 4994 procedimentos.
[10:35:40] [TOOL] 'hemocultura' (cat=EXAME) -> nivel1, score=1.000, confianca=alta, painel=False, 1 resultado(s), 0.01s
[10:35:40] [SIGTAP] 'piperacilina-tazobactam' (cat=MEDICAMENTO): busca restrita a 404 de 4994 procedimentos.
[10:35:40] [SEMANTICO] 'piperacilina tazobactam': 0.661 (limiar 0.8) -> TAFAMIDIS 61 MG (POR CÁPSULA)
[10:35:40] [NIVEL4] ===== Iniciando ciclo para 'piperacilina-tazobactam' (categoria=MEDICAMENTO, teto de 4 tentativas) =====
[10:35:40] [NIVEL4] Tentativa 1: BUSCAR 'piperacilina tazobactam' — removendo hífen para busca mais ampla
[10:35:40] [SEMANTICO] 'piperacilina tazobactam': 0.661 (limiar 0.8) -> TAFAMIDIS 61 MG (POR CÁPSULA)
[10:35:40] [NIVEL4]   -> nada encontrado para 'piperacilina tazobactam'
[10:35:41] [NIVEL4] Tentativa 2: BUSCAR 'piperacilina e tazobactam' — busca por componentes separados do medicamento
[10:35:41] [SEMANTICO] 'piperacilina e tazobactam': 0.631 (limiar 0.8) -> TAFAMIDIS 61 MG (POR CÁPSULA)
[10:35:41] [NIVEL4]   -> nada encontrado para 'piperacilina e tazobactam'
[10:35:41] [NIVEL4] Tentativa 3: DESISTIR — medicamento de uso hospitalar rotineiro, provavelmente não tem código próprio no SIGTAP
[10:35:41] [NIVEL4] ===== Ciclo de 'piperacilina-tazobactam' encerrado sem correspondência (3 tentativa(s)) =====
[10:35:41] [TOOL] 'piperacilina-tazobactam' (cat=MEDICAMENTO) -> vazio, 1.53s
[10:35:41] [NIVEL0] 'raio-x de tórax' -> ['radiografia de torax']
[10:35:41] [TOOL] 'raio-x de tórax' (cat=EXAME) -> nivel0, score=1.000, confianca=alta, painel=False, 1 resultado(s), 0.04s
[10:35:41] [SIGTAP] 'Cateter venoso central' (cat=MATERIAL): busca restrita a 540 de 4994 procedimentos.
[10:35:41] [TOOL] 'Cateter venoso central' (cat=MATERIAL) -> nivel1, score=0.600, confianca=alta, painel=False, 4 resultado(s), 0.01s
[10:35:42] [SIGTAP] 'eletrocardiograma' (cat=EXAME): busca restrita a 1105 de 4994 procedimentos.
[10:35:42] [TOOL] 'eletrocardiograma' (cat=EXAME) -> nivel1, score=1.000, confianca=alta, painel=False, 3 resultado(s), 0.01s
[10:35:42] [NIVEL0] 'monitor cardíaco' marcado como não faturável separadamente (procedimentos_embutidos).
[10:35:42] [TOOL] 'monitor cardíaco' (cat=MATERIAL) -> nao_faturavel, 0.00s
[10:35:42] [SIGTAP] 'troponina' (cat=EXAME): busca restrita a 1105 de 4994 procedimentos.
[10:35:42] [TOOL] 'troponina' (cat=EXAME) -> nivel1, score=0.500, confianca=media, painel=False, 1 resultado(s), 0.01s
[10:35:42] [NIVEL0] 'CK-MB' -> ['creatinofosfoquinase fracao mb']
[10:35:42] [TOOL] 'CK-MB' (cat=EXAME) -> nivel0, score=1.000, confianca=alta, painel=False, 1 resultado(s), 0.03s
[10:35:43] [NIVEL0] 'gasometria arterial' -> ['gasometria']
[10:35:43] [TOOL] 'gasometria arterial' (cat=EXAME) -> nivel0, score=1.000, confianca=alta, painel=False, 1 resultado(s), 0.03s
[10:35:43] [NIVEL0] 'adrenalina' marcado como não faturável separadamente (medicamentos_uso_hospitalar).
[10:35:43] [TOOL] 'adrenalina' (cat=MEDICAMENTO) -> nao_faturavel, 0.00s
[10:35:43] [SIGTAP] 'ecocardiograma à beira leito' (cat=EXAME): busca restrita a 1105 de 4994 procedimentos.
[10:35:43] [SEMANTICO] 'ecocardiograma a beira leito': 0.844 (limiar 0.8) -> ECOCARDIOGRAFIA TRANSTORACICA
[10:35:43] [TOOL] 'ecocardiograma à beira leito' (cat=EXAME) -> nivel_semantico, score=0.844, confianca=baixa, painel=False, 1 resultado(s), 0.07s
[10:35:43] [NIVEL0] 'noradrenalina' marcado como não faturável separadamente (medicamentos_uso_hospitalar).
[10:35:43] [TOOL] 'noradrenalina' (cat=MEDICAMENTO) -> nao_faturavel, 0.00s
[10:35:43] [NIVEL0] 'Sondagem vesical de demora' -> ['cateterismo vesical de demora']
[10:35:43] [TOOL] 'Sondagem vesical de demora' (cat=MATERIAL) -> nivel0, score=1.000, confianca=alta, painel=False, 1 resultado(s), 0.05s
[10:35:43] [SIGTAP] 'tomografia computadorizada de crânio' (cat=EXAME): busca restrita a 1105 de 4994 procedimentos.
[10:35:43] [TOOL] 'tomografia computadorizada de crânio' (cat=EXAME) -> nivel1, score=1.000, confianca=alta, painel=False, 1 resultado(s), 0.01s
[10:35:44] [SIGTAP] 'laparotomia exploradora' (cat=PROCEDIMENTO): busca restrita a 2700 de 4994 procedimentos.
[10:35:44] [TOOL] 'laparotomia exploradora' (cat=PROCEDIMENTO) -> nivel1, score=1.000, confianca=alta, painel=False, 2 resultado(s), 0.02s
[10:35:44] [SIGTAP] 'drenagem de abscesso' (cat=PROCEDIMENTO): busca restrita a 2700 de 4994 procedimentos.
[10:35:44] [TOOL] 'drenagem de abscesso' (cat=PROCEDIMENTO) -> nivel1, score=1.000, confianca=alta, painel=False, 18 resultado(s), 0.02s
[10:35:44] [NIVEL0] 'vancomicina' marcado como não faturável separadamente (medicamentos_uso_hospitalar).
[10:35:44] [TOOL] 'vancomicina' (cat=MEDICAMENTO) -> nao_faturavel, 0.00s
[10:35:44] [SIGTAP] 'lactato' (cat=EXAME): busca restrita a 1105 de 4994 procedimentos.
[10:35:44] [TOOL] 'lactato' (cat=EXAME) -> nivel1, score=0.500, confianca=media, painel=False, 2 resultado(s), 0.01s
[10:35:44] [NIVEL0] 'PCR' -> ['proteina c reativa']
[10:35:44] [TOOL] 'PCR' (cat=EXAME) -> nivel0, score=1.000, confianca=alta, painel=False, 1 resultado(s), 0.03s
[10:35:44] [SIGTAP] 'procalcitonina' (cat=EXAME): busca restrita a 1105 de 4994 procedimentos.
[10:35:44] [SEMANTICO] 'procalcitonina': 0.705 (limiar 0.8) -> DOSAGEM DE PROLACTINA
[10:35:44] [NIVEL4] ===== Iniciando ciclo para 'procalcitonina' (categoria=EXAME, teto de 4 tentativas) =====
[10:35:45] [NIVEL4] Tentativa 1: BUSCAR 'DOSAGEM DE PROCALCITONINA' — exames laboratoriais costumam começar com 'DOSAGEM DE' no SIGTAP
[10:35:45] [SEMANTICO] 'dosagem de procalcitonina': 0.858 (limiar 0.8) -> DOSAGEM DE PROLACTINA
[10:35:45] [NIVEL4]   -> 1 candidato(s) via nivel_semantico: DOSAGEM DE PROLACTINA
[10:35:45] [NIVEL4] Tentativa 2: DESISTIR — nenhum dos procedimentos encontrados corresponde ao termo 'procalcitonina', e 'prolactina' é um hormônio diferente
[10:35:45] [NIVEL4] ===== Ciclo de 'procalcitonina' encerrado sem correspondência (2 tentativa(s)) =====
[10:35:45] [TOOL] 'procalcitonina' (cat=EXAME) -> vazio, 1.30s
[10:35:45] [NIVEL0] 'ultrassom abdominal' -> ['ultrassonografia de abdomen total']
[10:35:45] [TOOL] 'ultrassom abdominal' (cat=EXAME) -> nivel0, score=1.000, confianca=alta, painel=False, 1 resultado(s), 0.03s
[10:35:45] [SIGTAP] 'cateter arterial' (cat=MATERIAL): busca restrita a 540 de 4994 procedimentos.
[10:35:45] [TOOL] 'cateter arterial' (cat=MATERIAL) -> nivel1, score=0.400, confianca=media, painel=False, 1 resultado(s), 0.00s
[10:35:45] [SIGTAP] 'Hemotransfusão' (cat=PROCEDIMENTO): busca restrita a 2700 de 4994 procedimentos.
[10:35:45] [SEMANTICO] 'hemotransfusao': 0.839 (limiar 0.8) -> HEMOFILTRAÇÃO
[10:35:45] [TOOL] 'Hemotransfusão' (cat=PROCEDIMENTO) -> nivel_semantico, score=0.839, confianca=baixa, painel=False, 1 resultado(s), 0.07s
[10:35:45] [SIGTAP] 'curativo' (cat=PROCEDIMENTO): busca restrita a 2700 de 4994 procedimentos.
[10:35:45] [TOOL] 'curativo' (cat=PROCEDIMENTO) -> nivel1, score=0.500, confianca=media, painel=False, 8 resultado(s), 0.02s
[10:35:45] [NIVEL0] 'dreno abdominal' marcado como não faturável separadamente (materiais_descartaveis).
[10:35:45] [TOOL] 'dreno abdominal' (cat=MATERIAL) -> nao_faturavel, 0.00s
[10:35:46] [NIVEL0] 'manitol' marcado como não faturável separadamente (medicamentos_uso_hospitalar).
[10:35:46] [TOOL] 'manitol' (cat=MEDICAMENTO) -> nao_faturavel, 0.00s
[10:35:46] [SIGTAP] 'dexametasona' (cat=MEDICAMENTO): busca restrita a 404 de 4994 procedimentos.
[10:35:46] [SEMANTICO] 'dexametasona': 0.504 (limiar 0.8) -> CLORIDRATO DE TIROFIBANA
[10:35:46] [NIVEL4] ===== Iniciando ciclo para 'dexametasona' (categoria=MEDICAMENTO, teto de 4 tentativas) =====
[10:35:51] [NIVEL4] Tentativa 1: BUSCAR 'dexametasona' — tentar busca exata novamente, considerando que o termo pode estar no SIGTAP com pequenas variações de grafia ou formato
[10:35:51] [SEMANTICO] 'dexametasona': 0.504 (limiar 0.8) -> CLORIDRATO DE TIROFIBANA
[10:35:51] [NIVEL4]   -> nada encontrado para 'dexametasona'
[10:35:54] [NIVEL4] Tentativa 2: DESISTIR — medicamentos de uso hospitalar rotineiro nao sao faturaveis separadamente
[10:35:54] [NIVEL4] ===== Ciclo de 'dexametasona' encerrado sem correspondência (2 tentativa(s)) =====
[10:35:54] [TOOL] 'dexametasona' (cat=MEDICAMENTO) -> vazio, 8.32s
[10:35:54] [SIGTAP] 'Fisioterapia motora' (cat=PROCEDIMENTO): busca restrita a 2700 de 4994 procedimentos.
[10:35:55] [SEMANTICO] 'fisioterapia motora': 0.833 (limiar 0.8) -> ATENDIMENTO FISIOTERAPÊUTICO NAS ALTERAÇÕES MOTORAS
[10:35:55] [TOOL] 'Fisioterapia motora' (cat=PROCEDIMENTO) -> nivel_semantico, score=0.833, confianca=baixa, painel=False, 1 resultado(s), 0.07s
[10:35:55] [NIVEL0] 'líquido cefalorraquidiano' -> ['celulas no liquor']
[10:35:55] [TOOL] 'líquido cefalorraquidiano' (cat=EXAME) -> nivel0, score=1.000, confianca=alta, painel=False, 1 resultado(s), 0.03s
[10:35:55] [SIGTAP] 'eletroencefalograma' (cat=EXAME): busca restrita a 1105 de 4994 procedimentos.
[10:35:55] [TOOL] 'eletroencefalograma' (cat=EXAME) -> nivel1, score=0.250, confianca=media, painel=False, 5 resultado(s), 0.01s
[10:35:55] [NIVEL0] 'Sonda nasoenteral' marcado como não faturável separadamente (materiais_descartaveis).
[10:35:55] [TOOL] 'Sonda nasoenteral' (cat=MATERIAL) -> nao_faturavel, 0.00s
[10:36:02] [SIGTAP] 'hemodiálise' (cat=PROCEDIMENTO): busca restrita a 2700 de 4994 procedimentos.
[10:36:02] [TOOL] 'hemodiálise' (cat=PROCEDIMENTO) -> nivel1, score=0.500, confianca=media, painel=False, 10 resultado(s), 0.02s
[10:36:02] [SIGTAP] 'cateter de duplo lúmen' (cat=MATERIAL): busca restrita a 540 de 4994 procedimentos.
[10:36:02] [TOOL] 'cateter de duplo lúmen' (cat=MATERIAL) -> nivel1, score=0.600, confianca=alta, painel=False, 4 resultado(s), 0.00s
[10:36:02] [SIGTAP] 'ureia' (cat=EXAME): busca restrita a 1105 de 4994 procedimentos.
[10:36:02] [TOOL] 'ureia' (cat=EXAME) -> nivel1, score=0.500, confianca=media, painel=False, 2 resultado(s), 0.01s
[10:36:02] [SIGTAP] 'creatinina' (cat=EXAME): busca restrita a 1105 de 4994 procedimentos.
[10:36:02] [TOOL] 'creatinina' (cat=EXAME) -> nivel1, score=0.500, confianca=media, painel=False, 3 resultado(s), 0.01s
[10:36:02] [NIVEL0] 'bicarbonato de sódio' marcado como não faturável separadamente (medicamentos_uso_hospitalar).
[10:36:02] [TOOL] 'bicarbonato de sódio' (cat=MEDICAMENTO) -> nao_faturavel, 0.00s
[10:36:02] [NIVEL0] 'ultrassom renal' -> ['ultrassonografia de aparelho urinario']
[10:36:02] [TOOL] 'ultrassom renal' (cat=EXAME) -> nivel0, score=1.000, confianca=alta, painel=False, 1 resultado(s), 0.02s
[10:36:02] [SIGTAP] 'albumina humana' (cat=MEDICAMENTO): busca restrita a 404 de 4994 procedimentos.
[10:36:02] [TOOL] 'albumina humana' (cat=MEDICAMENTO) -> nivel1, score=0.286, confianca=media, painel=False, 1 resultado(s), 0.01s
[10:36:09] [SIGTAP] 'curativo' (cat=PROCEDIMENTO): busca restrita a 2700 de 4994 procedimentos.
[10:36:09] [TOOL] 'curativo' (cat=PROCEDIMENTO) -> nivel1, score=0.500, confianca=media, painel=False, 8 resultado(s), 0.02s
[10:36:09] [NIVEL0] 'sulfadiazina de prata' marcado como não faturável separadamente (medicamentos_uso_hospitalar).
[10:36:09] [TOOL] 'sulfadiazina de prata' (cat=MEDICAMENTO) -> nao_faturavel, 0.00s
[10:36:09] [SIGTAP] 'morfina' (cat=MEDICAMENTO): busca restrita a 404 de 4994 procedimentos.
[10:36:09] [TOOL] 'morfina' (cat=MEDICAMENTO) -> nivel1, score=0.333, confianca=media, painel=False, 7 resultado(s), 0.01s
[10:36:09] [SIGTAP] 'cultura de ferida' (cat=EXAME): busca restrita a 1105 de 4994 procedimentos.
[10:36:09] [SEMANTICO] 'cultura de ferida': 0.492 (limiar 0.8) -> ARTROGRAFIA
[10:36:09] [NIVEL4] ===== Iniciando ciclo para 'cultura de ferida' (categoria=EXAME, teto de 4 tentativas) =====
[10:36:14] [NIVEL4] Tentativa 1: BUSCAR 'PESQUISA DE CULTURA DE FERIDA' — adicionar prefixo de exame laboratorial comum no SIGTAP
[10:36:14] [SEMANTICO] 'pesquisa de cultura de ferida': 0.510 (limiar 0.8) -> ARTROGRAFIA
[10:36:14] [NIVEL4]   -> nada encontrado para 'PESQUISA DE CULTURA DE FERIDA'
[10:36:17] [NIVEL4] Tentativa 2: BUSCAR 'EXAME DE CULTURA DE FERIDA' — tentar outro prefixo de exame laboratorial
[10:36:17] [SEMANTICO] 'exame de cultura de ferida': 0.538 (limiar 0.8) -> ARTROGRAFIA
[10:36:17] [NIVEL4]   -> nada encontrado para 'EXAME DE CULTURA DE FERIDA'
[10:36:22] [NIVEL4] Tentativa 3: BUSCAR 'CULTURA DE LESAO' — tentar sinônimo de ferida
[10:36:22] [NIVEL4]   -> 5 candidato(s) via nivel2: CULTURA P/ HERPESVIRUS
[10:36:28] [NIVEL4] Tentativa 4: BUSCAR 'CULTURA DE LESAO CUTANEA' — especificar tipo de lesão para melhorar a correspondência
[10:36:28] [SEMANTICO] 'cultura de lesao cutanea': 0.612 (limiar 0.8) -> DETERMINACAO DE CARIOTIPO EM CULTURA DE LONGA DURACAO (C/ TE
[10:36:28] [NIVEL4]   -> nada encontrado para 'CULTURA DE LESAO CUTANEA'
[10:36:28] [NIVEL4] ===== Teto de 4 tentativas atingido para 'cultura de ferida' sem conclusão =====
[10:36:28] [TOOL] 'cultura de ferida' (cat=EXAME) -> vazio, 18.83s
[10:36:28] [SIGTAP] 'swab de queimadura' (cat=EXAME): busca restrita a 1105 de 4994 procedimentos.
[10:36:28] [SEMANTICO] 'swab de queimadura': 0.514 (limiar 0.8) -> PREPARO DE COMPONENTES LAVADOS
[10:36:28] [NIVEL4] ===== Iniciando ciclo para 'swab de queimadura' (categoria=EXAME, teto de 4 tentativas) =====
[10:36:31] [NIVEL4] Tentativa 1: BUSCAR 'exame de swab' — tentar encontrar um termo mais genérico relacionado ao swab
[10:36:31] [SEMANTICO] 'exame de swab': 0.651 (limiar 0.8) -> TESTE DE CLEMENTS
[10:36:31] [NIVEL4]   -> nada encontrado para 'exame de swab'
[10:36:35] [NIVEL4] Tentativa 2: BUSCAR 'cultura de queimadura' — tentar encontrar um termo relacionado ao exame de swab em queimaduras, considerando que swab é frequentemente usado para coletar material para cultura
[10:36:35] [SEMANTICO] 'cultura de queimadura': 0.447 (limiar 0.8) -> PESQUISA DE FILARIA
[10:36:35] [NIVEL4]   -> nada encontrado para 'cultura de queimadura'
[10:36:40] [NIVEL4] Tentativa 3: BUSCAR 'pesquisa de microrganismos em lesao' — tentar encontrar um termo mais amplo que possa abranger o exame de swab em queimaduras
[10:36:40] [SEMANTICO] 'pesquisa de microrganismos em lesao': 0.835 (limiar 0.8) -> EXAME MICROBIOLÓGICO A FRESCO (DIRETO)
[10:36:40] [NIVEL4]   -> 1 candidato(s) via nivel_semantico: EXAME MICROBIOLÓGICO A FRESCO (DIRETO)
[10:36:46] [NIVEL4] Tentativa 4: DESISTIR — não há um procedimento que exatamente corresponda ao termo 'swab de queimadura', e o procedimento encontrado não é específico o suficiente para garantir que sej
[10:36:46] [NIVEL4] ===== Ciclo de 'swab de queimadura' encerrado sem correspondência (4 tentativa(s)) =====
[10:36:46] [TOOL] 'swab de queimadura' (cat=EXAME) -> vazio, 18.18s
[10:36:46] [SIGTAP] 'enxertia de pele' (cat=PROCEDIMENTO): busca restrita a 2700 de 4994 procedimentos.
[10:36:46] [TOOL] 'enxertia de pele' (cat=PROCEDIMENTO) -> nivel2, score=0.591, confianca=media, painel=False, 2 resultado(s), 0.04s
[10:36:46] [NIVEL0] 'proteína C reativa' -> ['proteina c reativa']
[10:36:46] [TOOL] 'proteína C reativa' (cat=EXAME) -> nivel0, score=1.000, confianca=alta, painel=False, 1 resultado(s), 0.04s
[10:36:46] [SIGTAP] 'albumina sérica' (cat=EXAME): busca restrita a 1105 de 4994 procedimentos.
[10:36:46] [SEMANTICO] 'albumina serica': 0.580 (limiar 0.8) -> FUNDOSCOPIA
[10:36:46] [NIVEL4] ===== Iniciando ciclo para 'albumina sérica' (categoria=EXAME, teto de 4 tentativas) =====
[10:36:50] [NIVEL4] Tentativa 1: BUSCAR 'dosagem de albumina' — exames laboratoriais costumam começar com 'DOSAGEM DE' ou 'PESQUISA DE'
[10:36:50] [SEMANTICO] 'dosagem de albumina': 0.749 (limiar 0.8) -> DOSAGEM DE ACETONA
[10:36:50] [NIVEL4]   -> 1 candidato(s) via nivel3: DOSAGEM DE ALUMINIO
[10:36:53] [NIVEL4] Tentativa 2: DESISTIR — o procedimento encontrado se refere a alumínio, não albumina, e não há outros procedimentos na lista que correspondam ao termo 'albumina sérica'
[10:36:53] [NIVEL4] ===== Ciclo de 'albumina sérica' encerrado sem correspondência (2 tentativa(s)) =====
[10:36:53] [TOOL] 'albumina sérica' (cat=EXAME) -> vazio, 7.43s
[10:37:01] [SIGTAP] 'alteplase' (cat=MEDICAMENTO): busca restrita a 404 de 4994 procedimentos.
[10:37:01] [TOOL] 'alteplase' (cat=MEDICAMENTO) -> nivel1, score=0.167, confianca=media, painel=False, 3 resultado(s), 0.01s
[10:37:01] [SIGTAP] 'tomografia computadorizada de crânio' (cat=EXAME): busca restrita a 1105 de 4994 procedimentos.
[10:37:01] [TOOL] 'tomografia computadorizada de crânio' (cat=EXAME) -> nivel1, score=1.000, confianca=alta, painel=False, 1 resultado(s), 0.01s
[10:37:01] [SIGTAP] 'angiotomografia de vasos cerebrais' (cat=EXAME): busca restrita a 1105 de 4994 procedimentos.
[10:37:01] [SEMANTICO] 'angiotomografia de vasos cerebrais': 0.916 (limiar 0.8) -> ANGIOGRAFIA CEREBRAL (4 VASOS)
[10:37:01] [TOOL] 'angiotomografia de vasos cerebrais' (cat=EXAME) -> nivel_semantico, score=0.916, confianca=media, painel=False, 1 resultado(s), 0.10s
[10:37:01] [NIVEL0] 'cateter nasal de oxiganio' casado com a chave 'cateter nasal de oxigenio' (similaridade 96; provável corrupção do termo pelo LLM).
[10:37:01] [NIVEL0] 'cateter nasal de oxigânio' marcado como não faturável separadamente (materiais_descartaveis).
[10:37:01] [TOOL] 'cateter nasal de oxigânio' (cat=MATERIAL) -> nao_faturavel, 0.00s
[10:37:01] [NIVEL0] 'coagulograma' -> ['tempo de protrombina', 'tempo de tromboplastina parcial ativada']
[10:37:01] [TOOL] 'coagulograma' (cat=EXAME) -> nivel0, score=1.000, confianca=alta, painel=True, 2 resultado(s), 0.05s
[10:37:01] [NIVEL0] 'perfil lipídico' -> ['colesterol total', 'triglicerideos', 'colesterol hdl']
[10:37:01] [TOOL] 'perfil lipídico' (cat=EXAME) -> nivel0, score=1.000, confianca=alta, painel=True, 3 resultado(s), 0.07s
[10:37:01] [SIGTAP] 'Fisioterapia neurológica' (cat=PROCEDIMENTO): busca restrita a 2700 de 4994 procedimentos.
[10:37:01] [SEMANTICO] 'fisioterapia neurologica': 0.821 (limiar 0.8) -> ATENDIMENTO FISIOTERAPÊUTICO NAS DESORDENS DO DESENVOLVIMENT
[10:37:01] [TOOL] 'Fisioterapia neurológica' (cat=PROCEDIMENTO) -> nivel_semantico, score=0.821, confianca=baixa, painel=False, 1 resultado(s), 0.08s
[10:37:01] [NIVEL0] 'Sonda vesical de demora' -> ['cateterismo vesical de demora']
[10:37:01] [TOOL] 'Sonda vesical de demora' (cat=MATERIAL) -> nivel0, score=1.000, confianca=alta, painel=False, 1 resultado(s), 0.02s
[10:37:01] [SIGTAP] 'Doppler transcraniano' (cat=EXAME): busca restrita a 1105 de 4994 procedimentos.
[10:37:01] [SEMANTICO] 'doppler transcraniano': 0.535 (limiar 0.8) -> FOCALIZAÇÃO ISOELÉTRICA DA TRANSFERRINA
[10:37:01] [TOOL] 'Doppler transcraniano' (cat=EXAME) -> nivel3, score=1.000, confianca=media, painel=False, 1 resultado(s), 0.09s
[10:37:10] [SIGTAP] 'insulina regular' (cat=MEDICAMENTO): busca restrita a 404 de 4994 procedimentos.
[10:37:10] [SEMANTICO] 'insulina regular': 0.796 (limiar 0.8) -> INSULINA ANÁLOGA DE AÇÃO PROLONGADA DE 100 UI/ML
[10:37:10] [NIVEL4] ===== Iniciando ciclo para 'insulina regular' (categoria=MEDICAMENTO, teto de 4 tentativas) =====
[10:37:14] [NIVEL4] Tentativa 1: BUSCAR 'INSULINA' — o termo pode ser encontrado sem o adjetivo 'regular'
[10:37:14] [NIVEL4]   -> 5 candidato(s) via nivel1: INSULINA ANÁLOGA DE AÇÃO PROLONGADA DE 100 UI/ML
[10:37:19] [NIVEL4] Tentativa 2: DESISTIR — os procedimentos encontrados são de insulina análoga, que é diferente de insulina regular
[10:37:19] [NIVEL4] ===== Ciclo de 'insulina regular' encerrado sem correspondência (2 tentativa(s)) =====
[10:37:19] [TOOL] 'insulina regular' (cat=MEDICAMENTO) -> vazio, 9.42s
[10:37:19] [SIGTAP] 'bomba de infusão' (cat=MATERIAL): busca restrita a 540 de 4994 procedimentos.
[10:37:19] [TOOL] 'bomba de infusão' (cat=MATERIAL) -> nivel1, score=0.286, confianca=media, painel=False, 1 resultado(s), 0.00s
[10:37:19] [NIVEL0] 'Reposição volêmica' marcado como não faturável separadamente (procedimentos_embutidos).
[10:37:19] [TOOL] 'Reposição volêmica' (cat=PROCEDIMENTO) -> nao_faturavel, 0.00s
[10:37:19] [NIVEL0] 'solução salina' marcado como não faturável separadamente (medicamentos_uso_hospitalar).
[10:37:19] [TOOL] 'solução salina' (cat=MEDICAMENTO) -> nao_faturavel, 0.00s
[10:37:19] [SIGTAP] 'glicemia capilar' (cat=EXAME): busca restrita a 1105 de 4994 procedimentos.
[10:37:19] [TOOL] 'glicemia capilar' (cat=EXAME) -> nivel1, score=1.000, confianca=alta, painel=False, 1 resultado(s), 0.01s
[10:37:19] [NIVEL0] 'gasometria venosa' -> ['gasometria']
[10:37:19] [TOOL] 'gasometria venosa' (cat=EXAME) -> nivel0, score=1.000, confianca=alta, painel=False, 1 resultado(s), 0.03s
[10:37:19] [NIVEL0] 'cetonemia' -> ['corpos cetonicos']
[10:37:19] [TOOL] 'cetonemia' (cat=EXAME) -> nivel0, score=1.000, confianca=alta, painel=False, 1 resultado(s), 0.02s
[10:37:19] [NIVEL0] 'cloreto de potássio' marcado como não faturável separadamente (medicamentos_uso_hospitalar).
[10:37:19] [TOOL] 'cloreto de potássio' (cat=MEDICAMENTO) -> nao_faturavel, 0.00s
[10:37:19] [SIGTAP] 'eletrocardiograma' (cat=EXAME): busca restrita a 1105 de 4994 procedimentos.
[10:37:19] [TOOL] 'eletrocardiograma' (cat=EXAME) -> nivel1, score=1.000, confianca=alta, painel=False, 3 resultado(s), 0.01s
[10:37:19] [NIVEL0] 'Monitor cardíaco' marcado como não faturável separadamente (procedimentos_embutidos).
[10:37:19] [TOOL] 'Monitor cardíaco' (cat=MATERIAL) -> nao_faturavel, 0.00s
[10:37:19] [SIGTAP] 'hemograma completo' (cat=EXAME): busca restrita a 1105 de 4994 procedimentos.
[10:37:19] [TOOL] 'hemograma completo' (cat=EXAME) -> nivel1, score=1.000, confianca=alta, painel=False, 1 resultado(s), 0.01s
[10:37:26] [SIGTAP] 'ecocardiograma transesofágico' (cat=EXAME): busca restrita a 1105 de 4994 procedimentos.
[10:37:26] [SEMANTICO] 'ecocardiograma transesofagico': 0.908 (limiar 0.8) -> ECOCARDIOGRAFIA TRANSESOFAGICA
[10:37:26] [TOOL] 'ecocardiograma transesofágico' (cat=EXAME) -> nivel_semantico, score=0.908, confianca=media, painel=False, 1 resultado(s), 0.05s
[10:37:26] [NIVEL0] 'cateter de Swan-Ganz' marcado como não faturável separadamente (materiais_descartaveis).
[10:37:26] [TOOL] 'cateter de Swan-Ganz' (cat=MATERIAL) -> nao_faturavel, 0.00s
[10:37:26] [NIVEL0] 'protamina' marcado como não faturável separadamente (medicamentos_uso_hospitalar).
[10:37:26] [TOOL] 'protamina' (cat=MEDICAMENTO) -> nao_faturavel, 0.00s
[10:37:26] [NIVEL0] 'heparina' marcado como não faturável separadamente (medicamentos_uso_hospitalar).
[10:37:26] [TOOL] 'heparina' (cat=MEDICAMENTO) -> nao_faturavel, 0.00s
[10:37:26] [NIVEL0] 'raio-x de tórax' -> ['radiografia de torax']
[10:37:26] [TOOL] 'raio-x de tórax' (cat=EXAME) -> nivel0, score=1.000, confianca=alta, painel=False, 1 resultado(s), 0.03s
[10:37:26] [NIVEL0] 'Drenos mediastinais' marcado como não faturável separadamente (materiais_descartaveis).
[10:37:26] [TOOL] 'Drenos mediastinais' (cat=MATERIAL) -> nao_faturavel, 0.00s
[10:37:27] [SIGTAP] 'Fisioterapia respiratória' (cat=PROCEDIMENTO): busca restrita a 2700 de 4994 procedimentos.
[10:37:27] [SEMANTICO] 'fisioterapia respiratoria': 0.825 (limiar 0.8) -> TRATAMENTO DE OUTRAS DOENCAS DO APARELHO RESPIRATORIO
[10:37:27] [TOOL] 'Fisioterapia respiratória' (cat=PROCEDIMENTO) -> nivel_semantico, score=0.825, confianca=baixa, painel=False, 1 resultado(s), 0.07s
[10:37:27] [SIGTAP] 'troponina' (cat=EXAME): busca restrita a 1105 de 4994 procedimentos.
[10:37:27] [TOOL] 'troponina' (cat=EXAME) -> nivel1, score=0.500, confianca=media, painel=False, 1 resultado(s), 0.01s
[10:37:27] [NIVEL0] 'coagulograma' -> ['tempo de protrombina', 'tempo de tromboplastina parcial ativada']
[10:37:27] [TOOL] 'coagulograma' (cat=EXAME) -> nivel0, score=1.000, confianca=alta, painel=True, 2 resultado(s), 0.05s
[10:37:35] [NIVEL0] 'oseltamivir' marcado como não faturável separadamente (medicamentos_uso_hospitalar).
[10:37:35] [TOOL] 'oseltamivir' (cat=MEDICAMENTO) -> nao_faturavel, 0.00s
[10:37:35] [NIVEL0] 'azitromicina' marcado como não faturável separadamente (medicamentos_uso_hospitalar).
[10:37:35] [TOOL] 'azitromicina' (cat=MEDICAMENTO) -> nao_faturavel, 0.00s
[10:37:35] [SIGTAP] 'ventilação não invasiva' (cat=PROCEDIMENTO): busca restrita a 2700 de 4994 procedimentos.
[10:37:35] [TOOL] 'ventilação não invasiva' (cat=PROCEDIMENTO) -> nivel1, score=0.429, confianca=media, painel=False, 2 resultado(s), 0.02s
[10:37:35] [NIVEL0] 'máscara facial total' marcado como não faturável separadamente (materiais_descartaveis).
[10:37:35] [TOOL] 'máscara facial total' (cat=MATERIAL) -> nao_faturavel, 0.00s
[10:37:35] [SIGTAP] 'painel viral respiratório' (cat=EXAME): busca restrita a 1105 de 4994 procedimentos.
[10:37:35] [SEMANTICO] 'painel viral respiratorio': 0.771 (limiar 0.8) -> PESQUISA DE ANTICORPOS E/OU ANTIGENO DO VIRUS SINCICIAL RESP
[10:37:35] [NIVEL4] ===== Iniciando ciclo para 'painel viral respiratório' (categoria=EXAME, teto de 4 tentativas) =====
[10:37:40] [NIVEL4] Tentativa 1: BUSCAR 'PESQUISA DE VIRUS RESPIRATORIOS' — o termo do prontuário sugere um exame para detectar virus respiratórios, então estou buscando por uma descrição mais ampla e formal que possa estar presente no 
[10:37:40] [SEMANTICO] 'pesquisa de virus respiratorios': 0.836 (limiar 0.8) -> PESQUISA DE ANTICORPOS E/OU ANTIGENO DO VIRUS SINCICIAL RESP
[10:37:40] [NIVEL4]   -> 1 candidato(s) via nivel_semantico: PESQUISA DE ANTICORPOS E/OU ANTIGENO DO VIRUS SINCICIAL RESP
[10:37:44] [NIVEL4] Tentativa 2: BUSCAR 'PESQUISA DE VIRUS RESPIRATORIOS POR PCR' — o termo encontrado parece ser específico para um tipo de vírus e não abrange um painel viral respiratório, que geralmente inclui vários vírus, então estou busca
[10:37:44] [SEMANTICO] 'pesquisa de virus respiratorios por pcr': 0.747 (limiar 0.8) -> PESQUISA DE ANTICORPOS E/OU ANTIGENO DO VIRUS SINCICIAL RESP
[10:37:44] [NIVEL4]   -> nada encontrado para 'PESQUISA DE VIRUS RESPIRATORIOS POR PCR'
[10:37:51] [NIVEL4] Tentativa 3: DESISTIR — não consegui encontrar um procedimento no SIGTAP que corresponda exatamente ao termo 'painel viral respiratório' e as buscas adicionais não foram frutíferas, en
[10:37:51] [NIVEL4] ===== Ciclo de 'painel viral respiratório' encerrado sem correspondência (3 tentativa(s)) =====
[10:37:51] [TOOL] 'painel viral respiratório' (cat=EXAME) -> vazio, 15.87s
[10:37:51] [NIVEL0] 'raio-x de tórax' -> ['radiografia de torax']
[10:37:51] [TOOL] 'raio-x de tórax' (cat=EXAME) -> nivel0, score=1.000, confianca=alta, painel=False, 1 resultado(s), 0.03s
[10:37:51] [NIVEL0] 'tomografia de tórax' -> ['tomografia computadorizada de torax']
[10:37:51] [TOOL] 'tomografia de tórax' (cat=EXAME) -> nivel0, score=1.000, confianca=alta, painel=False, 1 resultado(s), 0.03s
[10:37:51] [SIGTAP] 'metilprednisolona' (cat=MEDICAMENTO): busca restrita a 404 de 4994 procedimentos.
[10:37:51] [TOOL] 'metilprednisolona' (cat=MEDICAMENTO) -> nivel1, score=0.200, confianca=media, painel=False, 3 resultado(s), 0.01s
[10:37:51] [SIGTAP] 'Fisioterapia respiratória' (cat=PROCEDIMENTO): busca restrita a 2700 de 4994 procedimentos.
[10:37:51] [SEMANTICO] 'fisioterapia respiratoria': 0.825 (limiar 0.8) -> TRATAMENTO DE OUTRAS DOENCAS DO APARELHO RESPIRATORIO
[10:37:51] [TOOL] 'Fisioterapia respiratória' (cat=PROCEDIMENTO) -> nivel_semantico, score=0.825, confianca=baixa, painel=False, 1 resultado(s), 0.09s
[10:37:51] [SIGTAP] 'nebulização' (cat=PROCEDIMENTO): busca restrita a 2700 de 4994 procedimentos.
[10:37:51] [TOOL] 'nebulização' (cat=PROCEDIMENTO) -> nivel1, score=0.500, confianca=media, painel=False, 1 resultado(s), 0.02s
[10:37:51] [SIGTAP] 'broncodilatador' (cat=MEDICAMENTO): busca restrita a 404 de 4994 procedimentos.
[10:37:51] [SEMANTICO] 'broncodilatador': 0.599 (limiar 0.8) -> BROMOCRIPTINA 2,5 MG (POR COMPRIMIDO)
[10:37:51] [NIVEL4] ===== Iniciando ciclo para 'broncodilatador' (categoria=MEDICAMENTO, teto de 4 tentativas) =====
[10:37:54] [NIVEL4] Tentativa 1: BUSCAR 'DOSAGEM DE BRONCODILATADOR' — tentar encontrar um procedimento relacionado ao medicamento broncodilatador
[10:37:54] [SEMANTICO] 'dosagem de broncodilatador': 0.725 (limiar 0.8) -> DIPROPIONATO DE BECLOMETASONA + FUMARATO DE FORMOTEROL DI-HI
[10:37:54] [NIVEL4]   -> nada encontrado para 'DOSAGEM DE BRONCODILATADOR'
[10:37:59] [NIVEL4] Tentativa 2: BUSCAR 'INHALACAO DE BRONCODILATADOR' — tentar encontrar um procedimento relacionado à administração do medicamento broncodilatador
[10:37:59] [SEMANTICO] 'inhalacao de broncodilatador': 0.578 (limiar 0.8) -> DIPROPIONATO DE BECLOMETASONA + FUMARATO DE FORMOTEROL DI-HI
[10:37:59] [NIVEL4]   -> nada encontrado para 'INHALACAO DE BRONCODILATADOR'
[10:38:03] [NIVEL4] Tentativa 3: DESISTIR — o medicamento broncodilatador é um item de uso hospitalar rotineiro e não tem um procedimento específico no SIGTAP para faturamento separado
[10:38:03] [NIVEL4] ===== Ciclo de 'broncodilatador' encerrado sem correspondência (3 tentativa(s)) =====
[10:38:03] [TOOL] 'broncodilatador' (cat=MEDICAMENTO) -> vazio, 12.14s
[10:38:03] [SIGTAP] 'lactato' (cat=EXAME): busca restrita a 1105 de 4994 procedimentos.
[10:38:03] [TOOL] 'lactato' (cat=EXAME) -> nivel1, score=0.500, confianca=media, painel=False, 2 resultado(s), 0.01s
[10:38:03] [NIVEL0] 'gasometria arterial' -> ['gasometria']
[10:38:03] [TOOL] 'gasometria arterial' (cat=EXAME) -> nivel0, score=1.000, confianca=alta, painel=False, 1 resultado(s), 0.03s
[17:45:04] [SIGTAP] Iniciando servidor MCP...
[17:45:04] [NIVEL0] Dicionário carregado: 29 sinônimo(s), 23 termo(s) não faturável(is).
[17:45:04] [SIGTAP] Conectando ao Postgres em localhost:5432/sigtap (timeout=5s)...
[17:45:06] [SIGTAP] Tabela carregada: 4994 procedimentos, 9 grupos, em 2.4s.
[17:45:07] [SEMANTICO] Cache reaproveitado (4994 linhas).
[17:45:07] [SEMANTICO] Carregando modelo 'paraphrase-multilingual-MiniLM-L12-v2' (HF_HUB_OFFLINE=1)...
[18:00:20] [SIGTAP] Iniciando servidor MCP...
[18:00:20] [NIVEL0] Dicionário carregado: 29 sinônimo(s), 23 termo(s) não faturável(is).
[18:00:20] [SIGTAP] Conectando ao Postgres em localhost:5432/sigtap (timeout=5s)...
[18:00:24] [SIGTAP] Tabela carregada: 4994 procedimentos, 9 grupos, em 3.7s.
[18:00:25] [SEMANTICO] Cache reaproveitado (4994 linhas).
[18:00:25] [SEMANTICO] Carregando modelo 'paraphrase-multilingual-MiniLM-L12-v2' (HF_HUB_OFFLINE=1)...
[18:02:56] [SEMANTICO] Modelo carregado em 151.3s.
[18:02:57] [AQUECIMENTO] Primeiro encode em 1.1s.
[18:02:57] [AQUECIMENTO] Concluído em 156.5s — as buscas já respondem sem atraso inicial.
[18:02:57] [SIGTAP] Nível 4 (agente): ATIVO, teto de 6 tentativas por termo.
[18:02:57] [SIGTAP] Pronto, aguardando conexão via stdio...
[15:49:44] [SIGTAP] Iniciando servidor MCP...
[15:49:44] [NIVEL0] Dicionário carregado: 29 sinônimo(s), 23 termo(s) não faturável(is).
[15:49:44] [SIGTAP] Conectando ao Postgres em localhost:5432/sigtap (timeout=5s)...
[15:49:49] [AQUECIMENTO] AVISO: falhou (OperationalError: (psycopg2.OperationalError) connection to server at "localhost" (::1), port 5432 failed: Connection refused (0x0000274D/10061)
	Is the server running on that host and accepting TCP/IP connections?
connection to server at "localhost" (127.0.0.1), port 5432 failed: Connection refused (0x0000274D/10061)
	Is the server running on that host and accepting TCP/IP connections?

(Background on this error at: https://sqlalche.me/e/20/e3q8)). O carregamento ocorrerá sob demanda, na primeira busca.
[15:49:49] [SIGTAP] Nível 4 (agente): ATIVO, teto de 6 tentativas por termo.
[15:49:49] [SIGTAP] Pronto, aguardando conexão via stdio...
[15:56:01] [SIGTAP] Iniciando servidor MCP...
[15:56:01] [NIVEL0] Dicionário carregado: 29 sinônimo(s), 23 termo(s) não faturável(is).
[15:56:01] [SIGTAP] Conectando ao Postgres em localhost:5432/sigtap (timeout=5s)...
[15:56:02] [SIGTAP] Tabela carregada: 4994 procedimentos, 9 grupos, em 0.9s.
[15:56:02] [SEMANTICO] Cache reaproveitado (4994 linhas).
[15:56:02] [SEMANTICO] Carregando modelo 'paraphrase-multilingual-MiniLM-L12-v2' (HF_HUB_OFFLINE=1)...
[15:56:39] [SEMANTICO] Modelo carregado em 36.8s.
[15:56:40] [AQUECIMENTO] Primeiro encode em 0.8s.
[15:56:40] [AQUECIMENTO] Concluído em 38.7s — as buscas já respondem sem atraso inicial.
[15:56:40] [SIGTAP] Nível 4 (agente): ATIVO, teto de 6 tentativas por termo.
[15:56:40] [SIGTAP] Pronto, aguardando conexão via stdio...
[16:00:44] [SIGTAP] Iniciando servidor MCP...
[16:00:44] [NIVEL0] Dicionário carregado: 29 sinônimo(s), 23 termo(s) não faturável(is).
[16:00:44] [SIGTAP] Conectando ao Postgres em localhost:5432/sigtap (timeout=5s)...
[16:00:44] [SIGTAP] Tabela carregada: 4994 procedimentos, 9 grupos, em 0.4s.
[16:00:44] [SEMANTICO] Cache reaproveitado (4994 linhas).
[16:00:44] [SEMANTICO] Carregando modelo 'paraphrase-multilingual-MiniLM-L12-v2' (HF_HUB_OFFLINE=1)...
[16:00:55] [SEMANTICO] Modelo carregado em 11.1s.
[16:00:56] [AQUECIMENTO] Primeiro encode em 0.3s.
[16:00:56] [AQUECIMENTO] Concluído em 11.9s — as buscas já respondem sem atraso inicial.
[16:00:56] [SIGTAP] Nível 4 (agente): ATIVO, teto de 6 tentativas por termo.
[16:00:56] [SIGTAP] Pronto, aguardando conexão via stdio...
[16:02:28] [SIGTAP] Iniciando servidor MCP...
[16:02:28] [NIVEL0] Dicionário carregado: 29 sinônimo(s), 23 termo(s) não faturável(is).
[16:02:28] [SIGTAP] Conectando ao Postgres em localhost:5432/sigtap (timeout=5s)...
[16:02:29] [SIGTAP] Tabela carregada: 4994 procedimentos, 9 grupos, em 0.3s.
[16:02:29] [SEMANTICO] Cache reaproveitado (4994 linhas).
[16:02:29] [SEMANTICO] Carregando modelo 'paraphrase-multilingual-MiniLM-L12-v2' (HF_HUB_OFFLINE=1)...
[16:02:37] [SEMANTICO] Modelo carregado em 8.2s.
[16:02:37] [AQUECIMENTO] Primeiro encode em 0.0s.
[16:02:37] [AQUECIMENTO] Concluído em 8.5s — as buscas já respondem sem atraso inicial.
[16:02:37] [SIGTAP] Nível 4 (agente): ATIVO, teto de 6 tentativas por termo.
[16:02:37] [SIGTAP] Pronto, aguardando conexão via stdio...
[16:02:47] [NIVEL0] 'intubação orotraqueal' marcado como não faturável separadamente (procedimentos_embutidos).
[16:02:47] [TOOL] 'intubação orotraqueal' (cat=PROCEDIMENTO) -> nao_faturavel, 0.00s
[16:02:47] [SIGTAP] 'ventilação mecânica invasiva' (cat=PROCEDIMENTO): busca restrita a 2700 de 4994 procedimentos.
[16:02:47] [TOOL] 'ventilação mecânica invasiva' (cat=PROCEDIMENTO) -> nivel1, score=0.333, confianca=media, painel=False, 1 resultado(s), 0.03s
[16:02:47] [SIGTAP] 'midazolam' (cat=MEDICAMENTO): busca restrita a 404 de 4994 procedimentos.
[16:02:47] [SEMANTICO] 'midazolam': 0.651 (limiar 0.8) -> ABCIXIMABE
[16:02:47] [NIVEL4] Agente usando API (groq): llama-3.3-70b-versatile
[16:02:49] [NIVEL4] ===== Iniciando ciclo para 'midazolam' (categoria=MEDICAMENTO, teto de 6 tentativas) =====
[16:02:49] [NIVEL4] Falha ao chamar o modelo (NotFoundError: Error code: 404 - {'error': {'message': 'The model `llama-3.3-70b-versatile` does not exist or you do not have access to it.', 'type': 'invalid_request_error', 'code': 'model_not_found'}}) — encerrando ciclo.
[16:02:49] [TOOL] 'midazolam' (cat=MEDICAMENTO) -> vazio, 2.73s
[16:02:49] [SIGTAP] 'fentanil' (cat=MEDICAMENTO): busca restrita a 404 de 4994 procedimentos.
[16:02:49] [SEMANTICO] 'fentanil': 0.667 (limiar 0.8) -> MORFINA  DE LIBERACAO CONTROLADA 60 MG (POR CAPSULA)
[16:02:49] [NIVEL4] ===== Iniciando ciclo para 'fentanil' (categoria=MEDICAMENTO, teto de 6 tentativas) =====
[16:02:50] [NIVEL4] Falha ao chamar o modelo (NotFoundError: Error code: 404 - {'error': {'message': 'The model `llama-3.3-70b-versatile` does not exist or you do not have access to it.', 'type': 'invalid_request_error', 'code': 'model_not_found'}}) — encerrando ciclo.
[16:02:50] [TOOL] 'fentanil' (cat=MEDICAMENTO) -> vazio, 0.08s
[16:02:50] [NIVEL0] 'sedoanalgesia' marcado como não faturável separadamente (procedimentos_embutidos).
[16:02:50] [TOOL] 'sedoanalgesia' (cat=PROCEDIMENTO) -> nao_faturavel, 0.00s
[16:02:50] [SIGTAP] 'hemograma completo' (cat=EXAME): busca restrita a 1105 de 4994 procedimentos.
[16:02:50] [TOOL] 'hemograma completo' (cat=EXAME) -> nivel1, score=1.000, confianca=alta, painel=False, 1 resultado(s), 0.01s
[16:02:50] [SIGTAP] 'hemocultura' (cat=EXAME): busca restrita a 1105 de 4994 procedimentos.
[16:02:50] [TOOL] 'hemocultura' (cat=EXAME) -> nivel1, score=1.000, confianca=alta, painel=False, 1 resultado(s), 0.01s
[16:02:50] [SIGTAP] 'piperacilina-tazobactam' (cat=MEDICAMENTO): busca restrita a 404 de 4994 procedimentos.
[16:02:50] [SEMANTICO] 'piperacilina tazobactam': 0.661 (limiar 0.8) -> TAFAMIDIS 61 MG (POR CÁPSULA)
[16:02:50] [NIVEL4] ===== Iniciando ciclo para 'piperacilina-tazobactam' (categoria=MEDICAMENTO, teto de 6 tentativas) =====
[16:02:50] [NIVEL4] Falha ao chamar o modelo (NotFoundError: Error code: 404 - {'error': {'message': 'The model `llama-3.3-70b-versatile` does not exist or you do not have access to it.', 'type': 'invalid_request_error', 'code': 'model_not_found'}}) — encerrando ciclo.
[16:02:50] [TOOL] 'piperacilina-tazobactam' (cat=MEDICAMENTO) -> vazio, 0.07s
[16:02:50] [NIVEL0] 'raio-x de tórax' -> ['radiografia de torax']
[16:02:50] [TOOL] 'raio-x de tórax' (cat=EXAME) -> nivel0, score=1.000, confianca=alta, painel=False, 1 resultado(s), 0.02s
[16:02:50] [SIGTAP] 'Cateter venoso central' (cat=MATERIAL): busca restrita a 540 de 4994 procedimentos.
[16:02:50] [TOOL] 'Cateter venoso central' (cat=MATERIAL) -> nivel1, score=0.600, confianca=alta, painel=False, 4 resultado(s), 0.00s
[16:02:54] [SIGTAP] 'eletrocardiograma' (cat=EXAME): busca restrita a 1105 de 4994 procedimentos.
[16:02:54] [TOOL] 'eletrocardiograma' (cat=EXAME) -> nivel1, score=1.000, confianca=alta, painel=False, 3 resultado(s), 0.01s
[16:02:54] [NIVEL0] 'monitor cardíaco' marcado como não faturável separadamente (procedimentos_embutidos).
[16:02:54] [TOOL] 'monitor cardíaco' (cat=MATERIAL) -> nao_faturavel, 0.00s
[16:02:54] [SIGTAP] 'troponina' (cat=EXAME): busca restrita a 1105 de 4994 procedimentos.
[16:02:54] [TOOL] 'troponina' (cat=EXAME) -> nivel1, score=0.500, confianca=media, painel=False, 1 resultado(s), 0.00s
[16:02:54] [NIVEL0] 'CK-MB' -> ['creatinofosfoquinase fracao mb']
[16:02:54] [TOOL] 'CK-MB' (cat=EXAME) -> nivel0, score=1.000, confianca=alta, painel=False, 1 resultado(s), 0.02s
[16:02:54] [NIVEL0] 'gasometria arterial' -> ['gasometria']
[16:02:54] [TOOL] 'gasometria arterial' (cat=EXAME) -> nivel0, score=1.000, confianca=alta, painel=False, 1 resultado(s), 0.02s
[16:02:54] [NIVEL0] 'adrenalina' marcado como não faturável separadamente (medicamentos_uso_hospitalar).
[16:02:54] [TOOL] 'adrenalina' (cat=MEDICAMENTO) -> nao_faturavel, 0.00s
[16:02:54] [SIGTAP] 'ecocardiograma à beira leito' (cat=EXAME): busca restrita a 1105 de 4994 procedimentos.
[16:02:54] [SEMANTICO] 'ecocardiograma a beira leito': 0.844 (limiar 0.8) -> ECOCARDIOGRAFIA TRANSTORACICA
[16:02:54] [TOOL] 'ecocardiograma à beira leito' (cat=EXAME) -> nivel_semantico, score=0.844, confianca=baixa, painel=False, 1 resultado(s), 0.03s
[16:02:54] [NIVEL0] 'noradrenalina' marcado como não faturável separadamente (medicamentos_uso_hospitalar).
[16:02:54] [TOOL] 'noradrenalina' (cat=MEDICAMENTO) -> nao_faturavel, 0.00s
[16:02:54] [NIVEL0] 'Sondagem vesical de demora' -> ['cateterismo vesical de demora']
[16:02:54] [TOOL] 'Sondagem vesical de demora' (cat=MATERIAL) -> nivel0, score=1.000, confianca=alta, painel=False, 1 resultado(s), 0.02s
[16:02:54] [SIGTAP] 'tomografia computadorizada de crânio' (cat=EXAME): busca restrita a 1105 de 4994 procedimentos.
[16:02:54] [TOOL] 'tomografia computadorizada de crânio' (cat=EXAME) -> nivel1, score=1.000, confianca=alta, painel=False, 1 resultado(s), 0.00s
[16:02:59] [SIGTAP] 'laparotomia exploradora' (cat=PROCEDIMENTO): busca restrita a 2700 de 4994 procedimentos.
[16:02:59] [TOOL] 'laparotomia exploradora' (cat=PROCEDIMENTO) -> nivel1, score=1.000, confianca=alta, painel=False, 2 resultado(s), 0.01s
[16:02:59] [SIGTAP] 'drenagem de abscesso' (cat=PROCEDIMENTO): busca restrita a 2700 de 4994 procedimentos.
[16:02:59] [TOOL] 'drenagem de abscesso' (cat=PROCEDIMENTO) -> nivel1, score=1.000, confianca=alta, painel=False, 18 resultado(s), 0.01s
[16:02:59] [NIVEL0] 'vancomicina' marcado como não faturável separadamente (medicamentos_uso_hospitalar).
[16:02:59] [TOOL] 'vancomicina' (cat=MEDICAMENTO) -> nao_faturavel, 0.00s
[16:02:59] [SIGTAP] 'lactato' (cat=EXAME): busca restrita a 1105 de 4994 procedimentos.
[16:02:59] [TOOL] 'lactato' (cat=EXAME) -> nivel1, score=0.500, confianca=media, painel=False, 2 resultado(s), 0.00s
[16:02:59] [NIVEL0] 'PCR' -> ['proteina c reativa']
[16:02:59] [TOOL] 'PCR' (cat=EXAME) -> nivel0, score=1.000, confianca=alta, painel=False, 1 resultado(s), 0.02s
[16:02:59] [SIGTAP] 'procalcitonina' (cat=EXAME): busca restrita a 1105 de 4994 procedimentos.
[16:02:59] [SEMANTICO] 'procalcitonina': 0.705 (limiar 0.8) -> DOSAGEM DE PROLACTINA
[16:02:59] [NIVEL4] ===== Iniciando ciclo para 'procalcitonina' (categoria=EXAME, teto de 6 tentativas) =====
[16:02:59] [NIVEL4] Falha ao chamar o modelo (NotFoundError: Error code: 404 - {'error': {'message': 'The model `llama-3.3-70b-versatile` does not exist or you do not have access to it.', 'type': 'invalid_request_error', 'code': 'model_not_found'}}) — encerrando ciclo.
[16:02:59] [TOOL] 'procalcitonina' (cat=EXAME) -> vazio, 0.14s
[16:02:59] [NIVEL0] 'ultrassom abdominal' -> ['ultrassonografia de abdomen total']
[16:02:59] [TOOL] 'ultrassom abdominal' (cat=EXAME) -> nivel0, score=1.000, confianca=alta, painel=False, 1 resultado(s), 0.02s
[16:02:59] [SIGTAP] 'cateter arterial' (cat=MATERIAL): busca restrita a 540 de 4994 procedimentos.
[16:02:59] [TOOL] 'cateter arterial' (cat=MATERIAL) -> nivel1, score=0.400, confianca=media, painel=False, 1 resultado(s), 0.00s
[16:02:59] [SIGTAP] 'Hemotransfusão' (cat=PROCEDIMENTO): busca restrita a 2700 de 4994 procedimentos.
[16:02:59] [SEMANTICO] 'hemotransfusao': 0.839 (limiar 0.8) -> HEMOFILTRAÇÃO
[16:02:59] [TOOL] 'Hemotransfusão' (cat=PROCEDIMENTO) -> nivel_semantico, score=0.839, confianca=baixa, painel=False, 1 resultado(s), 0.04s
[16:02:59] [SIGTAP] 'curativo' (cat=PROCEDIMENTO): busca restrita a 2700 de 4994 procedimentos.
[16:02:59] [TOOL] 'curativo' (cat=PROCEDIMENTO) -> nivel1, score=0.500, confianca=media, painel=False, 8 resultado(s), 0.01s
[16:02:59] [NIVEL0] 'dreno abdominal' marcado como não faturável separadamente (materiais_descartaveis).
[16:02:59] [TOOL] 'dreno abdominal' (cat=MATERIAL) -> nao_faturavel, 0.00s
[16:03:23] [NIVEL0] 'manitol' marcado como não faturável separadamente (medicamentos_uso_hospitalar).
[16:03:23] [TOOL] 'manitol' (cat=MEDICAMENTO) -> nao_faturavel, 0.00s
[16:03:23] [SIGTAP] 'dexametasona' (cat=MEDICAMENTO): busca restrita a 404 de 4994 procedimentos.
[16:03:23] [SEMANTICO] 'dexametasona': 0.504 (limiar 0.8) -> CLORIDRATO DE TIROFIBANA
[16:03:23] [NIVEL4] ===== Iniciando ciclo para 'dexametasona' (categoria=MEDICAMENTO, teto de 6 tentativas) =====
[16:03:23] [NIVEL4] Falha ao chamar o modelo (NotFoundError: Error code: 404 - {'error': {'message': 'The model `llama-3.3-70b-versatile` does not exist or you do not have access to it.', 'type': 'invalid_request_error', 'code': 'model_not_found'}}) — encerrando ciclo.
[16:03:23] [TOOL] 'dexametasona' (cat=MEDICAMENTO) -> vazio, 0.11s
[16:03:23] [SIGTAP] 'Fisioterapia motora' (cat=PROCEDIMENTO): busca restrita a 2700 de 4994 procedimentos.
[16:03:23] [SEMANTICO] 'fisioterapia motora': 0.833 (limiar 0.8) -> ATENDIMENTO FISIOTERAPÊUTICO NAS ALTERAÇÕES MOTORAS
[16:03:23] [TOOL] 'Fisioterapia motora' (cat=PROCEDIMENTO) -> nivel_semantico, score=0.833, confianca=baixa, painel=False, 1 resultado(s), 0.05s
[16:03:23] [NIVEL0] 'líquido cefalorraquidiano' -> ['celulas no liquor']
[16:03:23] [TOOL] 'líquido cefalorraquidiano' (cat=EXAME) -> nivel0, score=1.000, confianca=alta, painel=False, 1 resultado(s), 0.02s
[16:03:23] [SIGTAP] 'eletroencefalograma' (cat=EXAME): busca restrita a 1105 de 4994 procedimentos.
[16:03:23] [TOOL] 'eletroencefalograma' (cat=EXAME) -> nivel1, score=0.250, confianca=media, painel=False, 5 resultado(s), 0.00s
[16:03:23] [NIVEL0] 'Sonda nasoenteral' marcado como não faturável separadamente (materiais_descartaveis).
[16:03:23] [TOOL] 'Sonda nasoenteral' (cat=MATERIAL) -> nao_faturavel, 0.00s
[16:03:26] [SIGTAP] 'hemodiálise' (cat=PROCEDIMENTO): busca restrita a 2700 de 4994 procedimentos.
[16:03:26] [TOOL] 'hemodiálise' (cat=PROCEDIMENTO) -> nivel1, score=0.500, confianca=media, painel=False, 10 resultado(s), 0.01s
[16:03:26] [SIGTAP] 'cateter de duplo lúmen' (cat=MATERIAL): busca restrita a 540 de 4994 procedimentos.
[16:03:26] [TOOL] 'cateter de duplo lúmen' (cat=MATERIAL) -> nivel1, score=0.600, confianca=alta, painel=False, 4 resultado(s), 0.00s
[16:03:26] [SIGTAP] 'ureia' (cat=EXAME): busca restrita a 1105 de 4994 procedimentos.
[16:03:26] [TOOL] 'ureia' (cat=EXAME) -> nivel1, score=0.500, confianca=media, painel=False, 2 resultado(s), 0.01s
[16:03:26] [SIGTAP] 'creatinina' (cat=EXAME): busca restrita a 1105 de 4994 procedimentos.
[16:03:26] [TOOL] 'creatinina' (cat=EXAME) -> nivel1, score=0.500, confianca=media, painel=False, 3 resultado(s), 0.00s
[16:03:26] [NIVEL0] 'bicarbonato de sódio' marcado como não faturável separadamente (medicamentos_uso_hospitalar).
[16:03:26] [TOOL] 'bicarbonato de sódio' (cat=MEDICAMENTO) -> nao_faturavel, 0.00s
[16:03:26] [NIVEL0] 'ultrassom renal' -> ['ultrassonografia de aparelho urinario']
[16:03:26] [TOOL] 'ultrassom renal' (cat=EXAME) -> nivel0, score=1.000, confianca=alta, painel=False, 1 resultado(s), 0.02s
[16:03:26] [SIGTAP] 'albumina humana' (cat=MEDICAMENTO): busca restrita a 404 de 4994 procedimentos.
[16:03:26] [TOOL] 'albumina humana' (cat=MEDICAMENTO) -> nivel1, score=0.286, confianca=media, painel=False, 1 resultado(s), 0.00s
[16:03:30] [SIGTAP] 'curativo' (cat=PROCEDIMENTO): busca restrita a 2700 de 4994 procedimentos.
[16:03:30] [TOOL] 'curativo' (cat=PROCEDIMENTO) -> nivel1, score=0.500, confianca=media, painel=False, 8 resultado(s), 0.01s
[16:03:30] [NIVEL0] 'sulfadiazina de prata' marcado como não faturável separadamente (medicamentos_uso_hospitalar).
[16:03:30] [TOOL] 'sulfadiazina de prata' (cat=MEDICAMENTO) -> nao_faturavel, 0.00s
[16:03:30] [SIGTAP] 'morfina' (cat=MEDICAMENTO): busca restrita a 404 de 4994 procedimentos.
[16:03:30] [TOOL] 'morfina' (cat=MEDICAMENTO) -> nivel1, score=0.333, confianca=media, painel=False, 7 resultado(s), 0.00s
[16:03:30] [SIGTAP] 'cultura de ferida' (cat=EXAME): busca restrita a 1105 de 4994 procedimentos.
[16:03:30] [SEMANTICO] 'cultura de ferida': 0.492 (limiar 0.8) -> ARTROGRAFIA
[16:03:30] [NIVEL4] ===== Iniciando ciclo para 'cultura de ferida' (categoria=EXAME, teto de 6 tentativas) =====
[16:03:30] [NIVEL4] Falha ao chamar o modelo (NotFoundError: Error code: 404 - {'error': {'message': 'The model `llama-3.3-70b-versatile` does not exist or you do not have access to it.', 'type': 'invalid_request_error', 'code': 'model_not_found'}}) — encerrando ciclo.
[16:03:30] [TOOL] 'cultura de ferida' (cat=EXAME) -> vazio, 0.11s
[16:03:30] [SIGTAP] 'swab de queimadura' (cat=EXAME): busca restrita a 1105 de 4994 procedimentos.
[16:03:30] [SEMANTICO] 'swab de queimadura': 0.514 (limiar 0.8) -> PREPARO DE COMPONENTES LAVADOS
[16:03:30] [NIVEL4] ===== Iniciando ciclo para 'swab de queimadura' (categoria=EXAME, teto de 6 tentativas) =====
[16:03:31] [NIVEL4] Falha ao chamar o modelo (NotFoundError: Error code: 404 - {'error': {'message': 'The model `llama-3.3-70b-versatile` does not exist or you do not have access to it.', 'type': 'invalid_request_error', 'code': 'model_not_found'}}) — encerrando ciclo.
[16:03:31] [TOOL] 'swab de queimadura' (cat=EXAME) -> vazio, 0.07s
[16:03:31] [SIGTAP] 'enxertia de pele' (cat=PROCEDIMENTO): busca restrita a 2700 de 4994 procedimentos.
[16:03:31] [TOOL] 'enxertia de pele' (cat=PROCEDIMENTO) -> nivel2, score=0.591, confianca=media, painel=False, 2 resultado(s), 0.02s
[16:03:31] [NIVEL0] 'proteína C reativa' -> ['proteina c reativa']
[16:03:31] [TOOL] 'proteína C reativa' (cat=EXAME) -> nivel0, score=1.000, confianca=alta, painel=False, 1 resultado(s), 0.01s
[16:03:31] [SIGTAP] 'albumina sérica' (cat=EXAME): busca restrita a 1105 de 4994 procedimentos.
[16:03:31] [SEMANTICO] 'albumina serica': 0.580 (limiar 0.8) -> FUNDOSCOPIA
[16:03:31] [NIVEL4] ===== Iniciando ciclo para 'albumina sérica' (categoria=EXAME, teto de 6 tentativas) =====
[16:03:31] [NIVEL4] Falha ao chamar o modelo (NotFoundError: Error code: 404 - {'error': {'message': 'The model `llama-3.3-70b-versatile` does not exist or you do not have access to it.', 'type': 'invalid_request_error', 'code': 'model_not_found'}}) — encerrando ciclo.
[16:03:31] [TOOL] 'albumina sérica' (cat=EXAME) -> vazio, 0.07s
[16:03:34] [SIGTAP] 'alteplase' (cat=MEDICAMENTO): busca restrita a 404 de 4994 procedimentos.
[16:03:34] [TOOL] 'alteplase' (cat=MEDICAMENTO) -> nivel1, score=0.167, confianca=media, painel=False, 3 resultado(s), 0.00s
[16:03:34] [SIGTAP] 'tomografia computadorizada de crânio' (cat=EXAME): busca restrita a 1105 de 4994 procedimentos.
[16:03:34] [TOOL] 'tomografia computadorizada de crânio' (cat=EXAME) -> nivel1, score=1.000, confianca=alta, painel=False, 1 resultado(s), 0.00s
[16:03:34] [SIGTAP] 'angiotomografia de vasos cerebrais' (cat=EXAME): busca restrita a 1105 de 4994 procedimentos.
[16:03:34] [SEMANTICO] 'angiotomografia de vasos cerebrais': 0.916 (limiar 0.8) -> ANGIOGRAFIA CEREBRAL (4 VASOS)
[16:03:34] [TOOL] 'angiotomografia de vasos cerebrais' (cat=EXAME) -> nivel_semantico, score=0.916, confianca=media, painel=False, 1 resultado(s), 0.04s
[16:03:34] [NIVEL0] 'cateter nasal de oxigênio' marcado como não faturável separadamente (materiais_descartaveis).
[16:03:34] [TOOL] 'cateter nasal de oxigênio' (cat=MATERIAL) -> nao_faturavel, 0.00s
[16:03:34] [NIVEL0] 'coagulograma' -> ['tempo de protrombina', 'tempo de tromboplastina parcial ativada']
[16:03:34] [TOOL] 'coagulograma' (cat=EXAME) -> nivel0, score=1.000, confianca=alta, painel=True, 2 resultado(s), 0.04s
[16:03:34] [NIVEL0] 'perfil lipídico' -> ['colesterol total', 'triglicerideos', 'colesterol hdl']
[16:03:34] [TOOL] 'perfil lipídico' (cat=EXAME) -> nivel0, score=1.000, confianca=alta, painel=True, 3 resultado(s), 0.06s
[16:03:34] [SIGTAP] 'Fisioterapia neurológica' (cat=PROCEDIMENTO): busca restrita a 2700 de 4994 procedimentos.
[16:03:34] [SEMANTICO] 'fisioterapia neurologica': 0.821 (limiar 0.8) -> ATENDIMENTO FISIOTERAPÊUTICO NAS DESORDENS DO DESENVOLVIMENT
[16:03:34] [TOOL] 'Fisioterapia neurológica' (cat=PROCEDIMENTO) -> nivel_semantico, score=0.821, confianca=baixa, painel=False, 1 resultado(s), 0.04s
[16:03:34] [NIVEL0] 'Sonda vesical de demora' -> ['cateterismo vesical de demora']
[16:03:34] [TOOL] 'Sonda vesical de demora' (cat=MATERIAL) -> nivel0, score=1.000, confianca=alta, painel=False, 1 resultado(s), 0.01s
[16:03:34] [SIGTAP] 'Doppler transcraniano' (cat=EXAME): busca restrita a 1105 de 4994 procedimentos.
[16:03:34] [SEMANTICO] 'doppler transcraniano': 0.535 (limiar 0.8) -> FOCALIZAÇÃO ISOELÉTRICA DA TRANSFERRINA
[16:03:34] [TOOL] 'Doppler transcraniano' (cat=EXAME) -> nivel3, score=1.000, confianca=media, painel=False, 1 resultado(s), 0.04s
[16:03:37] [SIGTAP] 'insulina regular' (cat=MEDICAMENTO): busca restrita a 404 de 4994 procedimentos.
[16:03:37] [SEMANTICO] 'insulina regular': 0.796 (limiar 0.8) -> INSULINA ANÁLOGA DE AÇÃO PROLONGADA DE 100 UI/ML
[16:03:37] [NIVEL4] ===== Iniciando ciclo para 'insulina regular' (categoria=MEDICAMENTO, teto de 6 tentativas) =====
[16:03:37] [NIVEL4] Falha ao chamar o modelo (NotFoundError: Error code: 404 - {'error': {'message': 'The model `llama-3.3-70b-versatile` does not exist or you do not have access to it.', 'type': 'invalid_request_error', 'code': 'model_not_found'}}) — encerrando ciclo.
[16:03:37] [TOOL] 'insulina regular' (cat=MEDICAMENTO) -> vazio, 0.12s
[16:03:37] [SIGTAP] 'bomba de infusão' (cat=MATERIAL): busca restrita a 540 de 4994 procedimentos.
[16:03:37] [TOOL] 'bomba de infusão' (cat=MATERIAL) -> nivel1, score=0.286, confianca=media, painel=False, 1 resultado(s), 0.00s
[16:03:37] [NIVEL0] 'Reposição volêmica' marcado como não faturável separadamente (procedimentos_embutidos).
[16:03:37] [TOOL] 'Reposição volêmica' (cat=PROCEDIMENTO) -> nao_faturavel, 0.00s
[16:03:37] [NIVEL0] 'solução salina' marcado como não faturável separadamente (medicamentos_uso_hospitalar).
[16:03:37] [TOOL] 'solução salina' (cat=MEDICAMENTO) -> nao_faturavel, 0.00s
[16:03:37] [SIGTAP] 'glicemia capilar' (cat=EXAME): busca restrita a 1105 de 4994 procedimentos.
[16:03:37] [TOOL] 'glicemia capilar' (cat=EXAME) -> nivel1, score=1.000, confianca=alta, painel=False, 1 resultado(s), 0.01s
[16:03:37] [NIVEL0] 'gasometria venosa' -> ['gasometria']
[16:03:37] [TOOL] 'gasometria venosa' (cat=EXAME) -> nivel0, score=1.000, confianca=alta, painel=False, 1 resultado(s), 0.02s
[16:03:37] [NIVEL0] 'cetonemia' -> ['corpos cetonicos']
[16:03:37] [TOOL] 'cetonemia' (cat=EXAME) -> nivel0, score=1.000, confianca=alta, painel=False, 1 resultado(s), 0.02s
[16:03:38] [NIVEL0] 'cloreto de potássio' marcado como não faturável separadamente (medicamentos_uso_hospitalar).
[16:03:38] [TOOL] 'cloreto de potássio' (cat=MEDICAMENTO) -> nao_faturavel, 0.00s
[16:03:38] [SIGTAP] 'eletrocardiograma' (cat=EXAME): busca restrita a 1105 de 4994 procedimentos.
[16:03:38] [TOOL] 'eletrocardiograma' (cat=EXAME) -> nivel1, score=1.000, confianca=alta, painel=False, 3 resultado(s), 0.01s
[16:03:38] [NIVEL0] 'Monitor cardíaco' marcado como não faturável separadamente (procedimentos_embutidos).
[16:03:38] [TOOL] 'Monitor cardíaco' (cat=MATERIAL) -> nao_faturavel, 0.00s
[16:03:38] [SIGTAP] 'hemograma completo' (cat=EXAME): busca restrita a 1105 de 4994 procedimentos.
[16:03:38] [TOOL] 'hemograma completo' (cat=EXAME) -> nivel1, score=1.000, confianca=alta, painel=False, 1 resultado(s), 0.01s
[16:03:46] [SIGTAP] 'ecocardiograma transesofágico' (cat=EXAME): busca restrita a 1105 de 4994 procedimentos.
[16:03:46] [SEMANTICO] 'ecocardiograma transesofagico': 0.908 (limiar 0.8) -> ECOCARDIOGRAFIA TRANSESOFAGICA
[16:03:46] [TOOL] 'ecocardiograma transesofágico' (cat=EXAME) -> nivel_semantico, score=0.908, confianca=media, painel=False, 1 resultado(s), 0.04s
[16:03:46] [NIVEL0] 'cateter de Swan-Ganz' marcado como não faturável separadamente (materiais_descartaveis).
[16:03:46] [TOOL] 'cateter de Swan-Ganz' (cat=MATERIAL) -> nao_faturavel, 0.00s
[16:03:46] [NIVEL0] 'protamina' marcado como não faturável separadamente (medicamentos_uso_hospitalar).
[16:03:46] [TOOL] 'protamina' (cat=MEDICAMENTO) -> nao_faturavel, 0.00s
[16:03:46] [NIVEL0] 'heparina' marcado como não faturável separadamente (medicamentos_uso_hospitalar).
[16:03:46] [TOOL] 'heparina' (cat=MEDICAMENTO) -> nao_faturavel, 0.00s
[16:03:46] [NIVEL0] 'raio-x de tórax' -> ['radiografia de torax']
[16:03:46] [TOOL] 'raio-x de tórax' (cat=EXAME) -> nivel0, score=1.000, confianca=alta, painel=False, 1 resultado(s), 0.02s
[16:03:46] [NIVEL0] 'Drenos mediastinais' marcado como não faturável separadamente (materiais_descartaveis).
[16:03:46] [TOOL] 'Drenos mediastinais' (cat=MATERIAL) -> nao_faturavel, 0.00s
[16:03:46] [SIGTAP] 'Fisioterapia respiratória' (cat=PROCEDIMENTO): busca restrita a 2700 de 4994 procedimentos.
[16:03:46] [SEMANTICO] 'fisioterapia respiratoria': 0.825 (limiar 0.8) -> TRATAMENTO DE OUTRAS DOENCAS DO APARELHO RESPIRATORIO
[16:03:46] [TOOL] 'Fisioterapia respiratória' (cat=PROCEDIMENTO) -> nivel_semantico, score=0.825, confianca=baixa, painel=False, 1 resultado(s), 0.06s
[16:03:46] [SIGTAP] 'troponina' (cat=EXAME): busca restrita a 1105 de 4994 procedimentos.
[16:03:46] [TOOL] 'troponina' (cat=EXAME) -> nivel1, score=0.500, confianca=media, painel=False, 1 resultado(s), 0.01s
[16:03:46] [NIVEL0] 'coagulograma' -> ['tempo de protrombina', 'tempo de tromboplastina parcial ativada']
[16:03:46] [TOOL] 'coagulograma' (cat=EXAME) -> nivel0, score=1.000, confianca=alta, painel=True, 2 resultado(s), 0.04s
[16:03:50] [NIVEL0] 'oseltamivir' marcado como não faturável separadamente (medicamentos_uso_hospitalar).
[16:03:50] [TOOL] 'oseltamivir' (cat=MEDICAMENTO) -> nao_faturavel, 0.00s
[16:03:50] [NIVEL0] 'azitromicina' marcado como não faturável separadamente (medicamentos_uso_hospitalar).
[16:03:50] [TOOL] 'azitromicina' (cat=MEDICAMENTO) -> nao_faturavel, 0.00s
[16:03:50] [SIGTAP] 'ventilação não invasiva' (cat=PROCEDIMENTO): busca restrita a 2700 de 4994 procedimentos.
[16:03:50] [TOOL] 'ventilação não invasiva' (cat=PROCEDIMENTO) -> nivel1, score=0.429, confianca=media, painel=False, 2 resultado(s), 0.01s
[16:03:50] [NIVEL0] 'máscara facial total' marcado como não faturável separadamente (materiais_descartaveis).
[16:03:50] [TOOL] 'máscara facial total' (cat=MATERIAL) -> nao_faturavel, 0.00s
[16:03:50] [SIGTAP] 'painel viral respiratório' (cat=EXAME): busca restrita a 1105 de 4994 procedimentos.
[16:03:50] [SEMANTICO] 'painel viral respiratorio': 0.771 (limiar 0.8) -> PESQUISA DE ANTICORPOS E/OU ANTIGENO DO VIRUS SINCICIAL RESP
[16:03:50] [NIVEL4] ===== Iniciando ciclo para 'painel viral respiratório' (categoria=EXAME, teto de 6 tentativas) =====
[16:03:50] [NIVEL4] Falha ao chamar o modelo (NotFoundError: Error code: 404 - {'error': {'message': 'The model `llama-3.3-70b-versatile` does not exist or you do not have access to it.', 'type': 'invalid_request_error', 'code': 'model_not_found'}}) — encerrando ciclo.
[16:03:50] [TOOL] 'painel viral respiratório' (cat=EXAME) -> vazio, 0.14s
[16:03:50] [NIVEL0] 'raio-x de tórax' -> ['radiografia de torax']
[16:03:50] [TOOL] 'raio-x de tórax' (cat=EXAME) -> nivel0, score=1.000, confianca=alta, painel=False, 1 resultado(s), 0.01s
[16:03:50] [NIVEL0] 'tomografia de tórax' -> ['tomografia computadorizada de torax']
[16:03:50] [TOOL] 'tomografia de tórax' (cat=EXAME) -> nivel0, score=1.000, confianca=alta, painel=False, 1 resultado(s), 0.02s
[16:03:50] [SIGTAP] 'metilprednisolona' (cat=MEDICAMENTO): busca restrita a 404 de 4994 procedimentos.
[16:03:50] [TOOL] 'metilprednisolona' (cat=MEDICAMENTO) -> nivel1, score=0.200, confianca=media, painel=False, 3 resultado(s), 0.00s
[16:03:50] [SIGTAP] 'Fisioterapia respiratória' (cat=PROCEDIMENTO): busca restrita a 2700 de 4994 procedimentos.
[16:03:50] [SEMANTICO] 'fisioterapia respiratoria': 0.825 (limiar 0.8) -> TRATAMENTO DE OUTRAS DOENCAS DO APARELHO RESPIRATORIO
[16:03:50] [TOOL] 'Fisioterapia respiratória' (cat=PROCEDIMENTO) -> nivel_semantico, score=0.825, confianca=baixa, painel=False, 1 resultado(s), 0.05s
[16:03:50] [SIGTAP] 'nebulização' (cat=PROCEDIMENTO): busca restrita a 2700 de 4994 procedimentos.
[16:03:50] [TOOL] 'nebulização' (cat=PROCEDIMENTO) -> nivel1, score=0.500, confianca=media, painel=False, 1 resultado(s), 0.01s
[16:03:50] [SIGTAP] 'broncodilatador' (cat=MEDICAMENTO): busca restrita a 404 de 4994 procedimentos.
[16:03:50] [SEMANTICO] 'broncodilatador': 0.599 (limiar 0.8) -> BROMOCRIPTINA 2,5 MG (POR COMPRIMIDO)
[16:03:50] [NIVEL4] ===== Iniciando ciclo para 'broncodilatador' (categoria=MEDICAMENTO, teto de 6 tentativas) =====
[16:03:50] [NIVEL4] Falha ao chamar o modelo (NotFoundError: Error code: 404 - {'error': {'message': 'The model `llama-3.3-70b-versatile` does not exist or you do not have access to it.', 'type': 'invalid_request_error', 'code': 'model_not_found'}}) — encerrando ciclo.
[16:03:50] [TOOL] 'broncodilatador' (cat=MEDICAMENTO) -> vazio, 0.07s
[16:03:50] [SIGTAP] 'lactato' (cat=EXAME): busca restrita a 1105 de 4994 procedimentos.
[16:03:50] [TOOL] 'lactato' (cat=EXAME) -> nivel1, score=0.500, confianca=media, painel=False, 2 resultado(s), 0.00s
[16:03:50] [NIVEL0] 'gasometria arterial' -> ['gasometria']
[16:03:50] [TOOL] 'gasometria arterial' (cat=EXAME) -> nivel0, score=1.000, confianca=alta, painel=False, 1 resultado(s), 0.02s
[16:13:33] [SIGTAP] Iniciando servidor MCP...
[16:13:33] [NIVEL0] Dicionário carregado: 29 sinônimo(s), 23 termo(s) não faturável(is).
[16:13:33] [SIGTAP] Conectando ao Postgres em localhost:5432/sigtap (timeout=5s)...
[16:13:33] [SIGTAP] Tabela carregada: 4994 procedimentos, 9 grupos, em 0.3s.
[16:13:33] [SEMANTICO] Cache reaproveitado (4994 linhas).
[16:13:33] [SEMANTICO] Carregando modelo 'paraphrase-multilingual-MiniLM-L12-v2' (HF_HUB_OFFLINE=1)...
[16:13:41] [SEMANTICO] Modelo carregado em 7.9s.
[16:13:41] [AQUECIMENTO] Primeiro encode em 0.3s.
[16:13:41] [AQUECIMENTO] Concluído em 8.5s — as buscas já respondem sem atraso inicial.
[16:13:41] [SIGTAP] Nível 4 (agente): ATIVO, teto de 6 tentativas por termo.
[16:13:41] [SIGTAP] Pronto, aguardando conexão via stdio...
[16:13:45] [NIVEL0] 'intubação orotraqueal' marcado como não faturável separadamente (procedimentos_embutidos).
[16:13:45] [TOOL] 'intubação orotraqueal' (cat=PROCEDIMENTO) -> nao_faturavel, 0.00s
[16:13:45] [SIGTAP] 'eletrocardiograma' (cat=EXAME): busca restrita a 1105 de 4994 procedimentos.
[16:13:45] [TOOL] 'eletrocardiograma' (cat=EXAME) -> nivel1, score=1.000, confianca=alta, painel=False, 3 resultado(s), 0.02s
[16:13:46] [SIGTAP] 'laparotomia exploradora' (cat=PROCEDIMENTO): busca restrita a 2700 de 4994 procedimentos.
[16:13:46] [TOOL] 'laparotomia exploradora' (cat=PROCEDIMENTO) -> nivel1, score=1.000, confianca=alta, painel=False, 2 resultado(s), 0.01s
[16:13:46] [NIVEL0] 'manitol' marcado como não faturável separadamente (medicamentos_uso_hospitalar).
[16:13:46] [TOOL] 'manitol' (cat=MEDICAMENTO) -> nao_faturavel, 0.00s
[16:13:47] [SIGTAP] 'hemodiálise' (cat=PROCEDIMENTO): busca restrita a 2700 de 4994 procedimentos.
[16:13:47] [TOOL] 'hemodiálise' (cat=PROCEDIMENTO) -> nivel1, score=0.500, confianca=media, painel=False, 10 resultado(s), 0.01s
[16:13:47] [SIGTAP] 'curativo' (cat=PROCEDIMENTO): busca restrita a 2700 de 4994 procedimentos.
[16:13:47] [TOOL] 'curativo' (cat=PROCEDIMENTO) -> nivel1, score=0.500, confianca=media, painel=False, 8 resultado(s), 0.01s
[16:13:48] [SIGTAP] 'alteplase' (cat=MEDICAMENTO): busca restrita a 404 de 4994 procedimentos.
[16:13:48] [TOOL] 'alteplase' (cat=MEDICAMENTO) -> nivel1, score=0.167, confianca=media, painel=False, 3 resultado(s), 0.00s
[16:13:48] [SIGTAP] 'insulina regular' (cat=MEDICAMENTO): busca restrita a 404 de 4994 procedimentos.
[16:13:49] [SEMANTICO] 'insulina regular': 0.796 (limiar 0.8) -> INSULINA ANÁLOGA DE AÇÃO PROLONGADA DE 100 UI/ML
[16:13:49] [NIVEL4] Agente usando API (groq): openai/gpt-oss-120b
[16:13:51] [NIVEL4] ===== Iniciando ciclo para 'insulina regular' (categoria=MEDICAMENTO, teto de 6 tentativas) =====
[16:13:52] [NIVEL4] Tentativa 1: DESISTIR — Insulina regular é um medicamento de uso hospitalar rotineiro e não possui código próprio de procedimento no SIGTAP; medicamentos são faturados apenas quando in
[16:13:52] [NIVEL4] ===== Ciclo de 'insulina regular' encerrado sem correspondência (1 tentativa(s)) =====
[16:13:52] [TOOL] 'insulina regular' (cat=MEDICAMENTO) -> vazio, 3.36s
[16:13:56] [SIGTAP] 'ecocardiograma transesofágico' (cat=EXAME): busca restrita a 1105 de 4994 procedimentos.
[16:13:56] [SEMANTICO] 'ecocardiograma transesofagico': 0.908 (limiar 0.8) -> ECOCARDIOGRAFIA TRANSESOFAGICA
[16:13:56] [TOOL] 'ecocardiograma transesofágico' (cat=EXAME) -> nivel_semantico, score=0.908, confianca=media, painel=False, 1 resultado(s), 0.04s
[16:14:05] [NIVEL0] 'oseltamivir' marcado como não faturável separadamente (medicamentos_uso_hospitalar).
[16:14:05] [TOOL] 'oseltamivir' (cat=MEDICAMENTO) -> nao_faturavel, 0.00s
[16:16:26] [SIGTAP] Iniciando servidor MCP...
[16:16:26] [NIVEL0] Dicionário carregado: 29 sinônimo(s), 23 termo(s) não faturável(is).
[16:16:26] [SIGTAP] Conectando ao Postgres em localhost:5432/sigtap (timeout=5s)...
[16:16:26] [SIGTAP] Tabela carregada: 4994 procedimentos, 9 grupos, em 0.4s.
[16:16:26] [SEMANTICO] Cache reaproveitado (4994 linhas).
[16:16:26] [SEMANTICO] Carregando modelo 'paraphrase-multilingual-MiniLM-L12-v2' (HF_HUB_OFFLINE=1)...
[16:16:36] [SEMANTICO] Modelo carregado em 9.9s.
[16:16:37] [AQUECIMENTO] Primeiro encode em 0.3s.
[16:16:37] [AQUECIMENTO] Concluído em 10.7s — as buscas já respondem sem atraso inicial.
[16:16:37] [SIGTAP] Nível 4 (agente): ATIVO, teto de 6 tentativas por termo.
[16:16:37] [SIGTAP] Pronto, aguardando conexão via stdio...
[16:16:45] [NIVEL0] 'intubação orotraqueal' marcado como não faturável separadamente (procedimentos_embutidos).
[16:16:45] [TOOL] 'intubação orotraqueal' (cat=PROCEDIMENTO) -> nao_faturavel, 0.00s
[16:16:48] [SIGTAP] 'eletrocardiograma' (cat=EXAME): busca restrita a 1105 de 4994 procedimentos.
[16:16:48] [TOOL] 'eletrocardiograma' (cat=EXAME) -> nivel1, score=1.000, confianca=alta, painel=False, 3 resultado(s), 0.04s
[16:16:51] [SIGTAP] 'laparotomia exploradora' (cat=PROCEDIMENTO): busca restrita a 2700 de 4994 procedimentos.
[16:16:51] [TOOL] 'laparotomia exploradora' (cat=PROCEDIMENTO) -> nivel1, score=1.000, confianca=alta, painel=False, 2 resultado(s), 0.01s
[16:16:53] [NIVEL0] 'manitol' marcado como não faturável separadamente (medicamentos_uso_hospitalar).
[16:16:53] [TOOL] 'manitol' (cat=MEDICAMENTO) -> nao_faturavel, 0.00s
[16:21:10] [SIGTAP] Iniciando servidor MCP...
[16:21:10] [NIVEL0] Dicionário carregado: 29 sinônimo(s), 23 termo(s) não faturável(is).
[16:21:10] [SIGTAP] Conectando ao Postgres em localhost:5432/sigtap (timeout=5s)...
[16:21:11] [SIGTAP] Tabela carregada: 4994 procedimentos, 9 grupos, em 0.4s.
[16:21:11] [SEMANTICO] Cache reaproveitado (4994 linhas).
[16:21:11] [SEMANTICO] Carregando modelo 'paraphrase-multilingual-MiniLM-L12-v2' (HF_HUB_OFFLINE=1)...
[16:21:23] [SEMANTICO] Modelo carregado em 12.3s.
[16:21:23] [AQUECIMENTO] Primeiro encode em 0.3s.
[16:21:23] [AQUECIMENTO] Concluído em 13.0s — as buscas já respondem sem atraso inicial.
[16:21:23] [SIGTAP] Nível 4 (agente): ATIVO, teto de 6 tentativas por termo.
[16:21:23] [SIGTAP] Pronto, aguardando conexão via stdio...
[16:21:23] [NIVEL0] 'intubação orotraqueal' marcado como não faturável separadamente (procedimentos_embutidos).
[16:21:23] [TOOL] 'intubação orotraqueal' (cat=PROCEDIMENTO) -> nao_faturavel, 0.00s
[16:21:24] [SIGTAP] 'ventilação mecânica invasiva' (cat=PROCEDIMENTO): busca restrita a 2700 de 4994 procedimentos.
[16:21:24] [TOOL] 'ventilação mecânica invasiva' (cat=PROCEDIMENTO) -> nivel1, score=0.333, confianca=media, painel=False, 1 resultado(s), 0.04s
[16:21:24] [SIGTAP] 'midazolam' (cat=MEDICAMENTO): busca restrita a 404 de 4994 procedimentos.
[16:21:24] [SEMANTICO] 'midazolam': 0.651 (limiar 0.8) -> ABCIXIMABE
[16:21:24] [NIVEL4] Agente usando API (groq): qwen/qwen3.6-27b
[16:21:28] [NIVEL4] ===== Iniciando ciclo para 'midazolam' (categoria=MEDICAMENTO, teto de 6 tentativas) =====
[16:21:31] [NIVEL4] Tentativa 1: DESISTIR — Midazolam é medicamento de uso hospitalar rotineiro (sedativo/ansiolítico). Conforme as regras de faturamento do SUS, medicamentos comuns não possuem código pró
[16:21:31] [NIVEL4] ===== Ciclo de 'midazolam' encerrado sem correspondência (1 tentativa(s)) =====
[16:21:31] [TOOL] 'midazolam' (cat=MEDICAMENTO) -> vazio, 7.39s
[16:21:31] [SIGTAP] 'fentanil' (cat=MEDICAMENTO): busca restrita a 404 de 4994 procedimentos.
[16:21:31] [SEMANTICO] 'fentanil': 0.667 (limiar 0.8) -> MORFINA  DE LIBERACAO CONTROLADA 60 MG (POR CAPSULA)
[16:21:31] [NIVEL4] ===== Iniciando ciclo para 'fentanil' (categoria=MEDICAMENTO, teto de 6 tentativas) =====
[16:21:34] [NIVEL4] Tentativa 1: resposta não interpretável como JSON — desistindo. Resposta: '\n<think>\nThe user wants me to find a SIGTAP code for the term "fentanil" (fentanyl).\nThe category is MEDICAMENTO (Medica'
[16:21:34] [TOOL] 'fentanil' (cat=MEDICAMENTO) -> vazio, 3.02s
[16:21:34] [NIVEL0] 'sedoanalgesia' marcado como não faturável separadamente (procedimentos_embutidos).
[16:21:34] [TOOL] 'sedoanalgesia' (cat=PROCEDIMENTO) -> nao_faturavel, 0.00s
[16:21:34] [SIGTAP] 'hemograma completo' (cat=EXAME): busca restrita a 1105 de 4994 procedimentos.
[16:21:34] [TOOL] 'hemograma completo' (cat=EXAME) -> nivel1, score=1.000, confianca=alta, painel=False, 1 resultado(s), 0.00s
[16:21:34] [SIGTAP] 'hemocultura' (cat=EXAME): busca restrita a 1105 de 4994 procedimentos.
[16:21:34] [TOOL] 'hemocultura' (cat=EXAME) -> nivel1, score=1.000, confianca=alta, painel=False, 1 resultado(s), 0.01s
[16:21:34] [SIGTAP] 'piperacilina-tazobactam' (cat=MEDICAMENTO): busca restrita a 404 de 4994 procedimentos.
[16:21:34] [SEMANTICO] 'piperacilina tazobactam': 0.661 (limiar 0.8) -> TAFAMIDIS 61 MG (POR CÁPSULA)
[16:21:34] [NIVEL4] ===== Iniciando ciclo para 'piperacilina-tazobactam' (categoria=MEDICAMENTO, teto de 6 tentativas) =====
[16:21:37] [NIVEL4] Tentativa 1: resposta não interpretável como JSON — desistindo. Resposta: "\n<think>\nHere's a thinking process that leads to the suggested response:\n\n1.  **Analyze the Request:**\n    *   **Role:**"
[16:21:37] [TOOL] 'piperacilina-tazobactam' (cat=MEDICAMENTO) -> vazio, 3.25s
[16:21:37] [NIVEL0] 'raio-x de tórax' -> ['radiografia de torax']
[16:21:37] [TOOL] 'raio-x de tórax' (cat=EXAME) -> nivel0, score=1.000, confianca=alta, painel=False, 1 resultado(s), 0.03s
[16:21:37] [SIGTAP] 'Cateter venoso central' (cat=MATERIAL): busca restrita a 540 de 4994 procedimentos.
[16:21:37] [TOOL] 'Cateter venoso central' (cat=MATERIAL) -> nivel1, score=0.600, confianca=alta, painel=False, 4 resultado(s), 0.00s
[16:21:37] [SIGTAP] 'eletrocardiograma' (cat=EXAME): busca restrita a 1105 de 4994 procedimentos.
[16:21:37] [TOOL] 'eletrocardiograma' (cat=EXAME) -> nivel1, score=1.000, confianca=alta, painel=False, 3 resultado(s), 0.01s
[16:21:37] [NIVEL0] 'monitor cardíaco' marcado como não faturável separadamente (procedimentos_embutidos).
[16:21:37] [TOOL] 'monitor cardíaco' (cat=MATERIAL) -> nao_faturavel, 0.00s
[16:21:37] [SIGTAP] 'troponina' (cat=EXAME): busca restrita a 1105 de 4994 procedimentos.
[16:21:37] [TOOL] 'troponina' (cat=EXAME) -> nivel1, score=0.500, confianca=media, painel=False, 1 resultado(s), 0.01s
[16:21:37] [NIVEL0] 'CK-MB' -> ['creatinofosfoquinase fracao mb']
[16:21:37] [TOOL] 'CK-MB' (cat=EXAME) -> nivel0, score=1.000, confianca=alta, painel=False, 1 resultado(s), 0.02s
[16:21:37] [NIVEL0] 'gasometria arterial' -> ['gasometria']
[16:21:37] [TOOL] 'gasometria arterial' (cat=EXAME) -> nivel0, score=1.000, confianca=alta, painel=False, 1 resultado(s), 0.02s
[16:21:37] [NIVEL0] 'adrenalina' marcado como não faturável separadamente (medicamentos_uso_hospitalar).
[16:21:37] [TOOL] 'adrenalina' (cat=MEDICAMENTO) -> nao_faturavel, 0.00s
[16:21:37] [SIGTAP] 'ecocardiograma à beira leito' (cat=EXAME): busca restrita a 1105 de 4994 procedimentos.
[16:21:38] [SEMANTICO] 'ecocardiograma a beira leito': 0.844 (limiar 0.8) -> ECOCARDIOGRAFIA TRANSTORACICA
[16:21:38] [TOOL] 'ecocardiograma à beira leito' (cat=EXAME) -> nivel_semantico, score=0.844, confianca=baixa, painel=False, 1 resultado(s), 0.05s
[16:21:38] [NIVEL0] 'noradrenalina' marcado como não faturável separadamente (medicamentos_uso_hospitalar).
[16:21:38] [TOOL] 'noradrenalina' (cat=MEDICAMENTO) -> nao_faturavel, 0.00s
[16:21:38] [NIVEL0] 'Sondagem vesical de demora' -> ['cateterismo vesical de demora']
[16:21:38] [TOOL] 'Sondagem vesical de demora' (cat=MATERIAL) -> nivel0, score=1.000, confianca=alta, painel=False, 1 resultado(s), 0.02s
[16:21:38] [SIGTAP] 'tomografia computadorizada de crânio' (cat=EXAME): busca restrita a 1105 de 4994 procedimentos.
[16:21:38] [TOOL] 'tomografia computadorizada de crânio' (cat=EXAME) -> nivel1, score=1.000, confianca=alta, painel=False, 1 resultado(s), 0.01s
[16:21:38] [SIGTAP] 'laparotomia exploradora' (cat=PROCEDIMENTO): busca restrita a 2700 de 4994 procedimentos.
[16:21:38] [TOOL] 'laparotomia exploradora' (cat=PROCEDIMENTO) -> nivel1, score=1.000, confianca=alta, painel=False, 2 resultado(s), 0.01s
[16:21:38] [SIGTAP] 'drenagem de abscesso' (cat=PROCEDIMENTO): busca restrita a 2700 de 4994 procedimentos.
[16:21:38] [TOOL] 'drenagem de abscesso' (cat=PROCEDIMENTO) -> nivel1, score=1.000, confianca=alta, painel=False, 18 resultado(s), 0.02s
[16:21:38] [NIVEL0] 'vancomicina' marcado como não faturável separadamente (medicamentos_uso_hospitalar).
[16:21:38] [TOOL] 'vancomicina' (cat=MEDICAMENTO) -> nao_faturavel, 0.00s
[16:21:38] [SIGTAP] 'lactato' (cat=EXAME): busca restrita a 1105 de 4994 procedimentos.
[16:21:38] [TOOL] 'lactato' (cat=EXAME) -> nivel1, score=0.500, confianca=media, painel=False, 2 resultado(s), 0.01s
[16:21:38] [NIVEL0] 'PCR' -> ['proteina c reativa']
[16:21:38] [TOOL] 'PCR' (cat=EXAME) -> nivel0, score=1.000, confianca=alta, painel=False, 1 resultado(s), 0.02s
[16:21:38] [SIGTAP] 'procalcitonina' (cat=EXAME): busca restrita a 1105 de 4994 procedimentos.
[16:21:38] [SEMANTICO] 'procalcitonina': 0.705 (limiar 0.8) -> DOSAGEM DE PROLACTINA
[16:21:38] [NIVEL4] ===== Iniciando ciclo para 'procalcitonina' (categoria=EXAME, teto de 6 tentativas) =====
[16:21:42] [NIVEL4] Tentativa 1: resposta não interpretável como JSON — desistindo. Resposta: '\n<think>\nHere\'s a thinking process:\n\n1.  **Analyze User Input:**\n   - **Term:** "procalcitonina"\n   - **Category:** EXAM'
[16:21:42] [TOOL] 'procalcitonina' (cat=EXAME) -> vazio, 4.40s
[16:21:42] [NIVEL0] 'ultrassom abdominal' -> ['ultrassonografia de abdomen total']
[16:21:42] [TOOL] 'ultrassom abdominal' (cat=EXAME) -> nivel0, score=1.000, confianca=alta, painel=False, 1 resultado(s), 0.02s
[16:21:42] [SIGTAP] 'cateter arterial' (cat=MATERIAL): busca restrita a 540 de 4994 procedimentos.
[16:21:42] [TOOL] 'cateter arterial' (cat=MATERIAL) -> nivel1, score=0.400, confianca=media, painel=False, 1 resultado(s), 0.00s
[16:21:42] [SIGTAP] 'Hemotransfusão' (cat=PROCEDIMENTO): busca restrita a 2700 de 4994 procedimentos.
[16:21:42] [SEMANTICO] 'hemotransfusao': 0.839 (limiar 0.8) -> HEMOFILTRAÇÃO
[16:21:42] [TOOL] 'Hemotransfusão' (cat=PROCEDIMENTO) -> nivel_semantico, score=0.839, confianca=baixa, painel=False, 1 resultado(s), 0.05s
[16:21:42] [SIGTAP] 'curativo' (cat=PROCEDIMENTO): busca restrita a 2700 de 4994 procedimentos.
[16:21:42] [TOOL] 'curativo' (cat=PROCEDIMENTO) -> nivel1, score=0.500, confianca=media, painel=False, 8 resultado(s), 0.01s
[16:21:42] [NIVEL0] 'dreno abdominal' marcado como não faturável separadamente (materiais_descartaveis).
[16:21:42] [TOOL] 'dreno abdominal' (cat=MATERIAL) -> nao_faturavel, 0.00s
[16:21:42] [NIVEL0] 'manitol' marcado como não faturável separadamente (medicamentos_uso_hospitalar).
[16:21:42] [TOOL] 'manitol' (cat=MEDICAMENTO) -> nao_faturavel, 0.00s
[16:21:42] [SIGTAP] 'dexametasona' (cat=MEDICAMENTO): busca restrita a 404 de 4994 procedimentos.
[16:21:42] [SEMANTICO] 'dexametasona': 0.504 (limiar 0.8) -> CLORIDRATO DE TIROFIBANA
[16:21:42] [NIVEL4] ===== Iniciando ciclo para 'dexametasona' (categoria=MEDICAMENTO, teto de 6 tentativas) =====
[16:21:53] [NIVEL4] Tentativa 1: resposta não interpretável como JSON — desistindo. Resposta: '\n<think>\nThe user wants me to find a SIGTAP code for the term "dexametasona" (dexamethasone).\nThe category is MEDICAMENT'
[16:21:53] [TOOL] 'dexametasona' (cat=MEDICAMENTO) -> vazio, 10.51s
[16:21:53] [SIGTAP] 'Fisioterapia motora' (cat=PROCEDIMENTO): busca restrita a 2700 de 4994 procedimentos.
[16:21:53] [SEMANTICO] 'fisioterapia motora': 0.833 (limiar 0.8) -> ATENDIMENTO FISIOTERAPÊUTICO NAS ALTERAÇÕES MOTORAS
[16:21:53] [TOOL] 'Fisioterapia motora' (cat=PROCEDIMENTO) -> nivel_semantico, score=0.833, confianca=baixa, painel=False, 1 resultado(s), 0.08s
[16:21:53] [NIVEL0] 'líquido cefalorraquidiano' -> ['celulas no liquor']
[16:21:53] [TOOL] 'líquido cefalorraquidiano' (cat=EXAME) -> nivel0, score=1.000, confianca=alta, painel=False, 1 resultado(s), 0.02s
[16:21:53] [SIGTAP] 'eletroencefalograma' (cat=EXAME): busca restrita a 1105 de 4994 procedimentos.
[16:21:53] [TOOL] 'eletroencefalograma' (cat=EXAME) -> nivel1, score=0.250, confianca=media, painel=False, 5 resultado(s), 0.01s
[16:21:53] [NIVEL0] 'Sonda nasoenteral' marcado como não faturável separadamente (materiais_descartaveis).
[16:21:53] [TOOL] 'Sonda nasoenteral' (cat=MATERIAL) -> nao_faturavel, 0.00s
[16:21:53] [SIGTAP] 'hemodiálise' (cat=PROCEDIMENTO): busca restrita a 2700 de 4994 procedimentos.
[16:21:53] [TOOL] 'hemodiálise' (cat=PROCEDIMENTO) -> nivel1, score=0.500, confianca=media, painel=False, 10 resultado(s), 0.01s
[16:21:53] [SIGTAP] 'cateter de duplo lúmen' (cat=MATERIAL): busca restrita a 540 de 4994 procedimentos.
[16:21:53] [TOOL] 'cateter de duplo lúmen' (cat=MATERIAL) -> nivel1, score=0.600, confianca=alta, painel=False, 4 resultado(s), 0.00s
[16:21:53] [SIGTAP] 'ureia' (cat=EXAME): busca restrita a 1105 de 4994 procedimentos.
[16:21:53] [TOOL] 'ureia' (cat=EXAME) -> nivel1, score=0.500, confianca=media, painel=False, 2 resultado(s), 0.01s
[16:21:53] [SIGTAP] 'creatinina' (cat=EXAME): busca restrita a 1105 de 4994 procedimentos.
[16:21:53] [TOOL] 'creatinina' (cat=EXAME) -> nivel1, score=0.500, confianca=media, painel=False, 3 resultado(s), 0.01s
[16:21:53] [NIVEL0] 'bicarbonato de sódio' marcado como não faturável separadamente (medicamentos_uso_hospitalar).
[16:21:53] [TOOL] 'bicarbonato de sódio' (cat=MEDICAMENTO) -> nao_faturavel, 0.00s
[16:21:53] [NIVEL0] 'ultrassom renal' -> ['ultrassonografia de aparelho urinario']
[16:21:53] [TOOL] 'ultrassom renal' (cat=EXAME) -> nivel0, score=1.000, confianca=alta, painel=False, 1 resultado(s), 0.02s
[16:21:53] [SIGTAP] 'albumina humana' (cat=MEDICAMENTO): busca restrita a 404 de 4994 procedimentos.
[16:21:53] [TOOL] 'albumina humana' (cat=MEDICAMENTO) -> nivel1, score=0.286, confianca=media, painel=False, 1 resultado(s), 0.00s
[16:21:53] [SIGTAP] 'curativo' (cat=PROCEDIMENTO): busca restrita a 2700 de 4994 procedimentos.
[16:21:53] [TOOL] 'curativo' (cat=PROCEDIMENTO) -> nivel1, score=0.500, confianca=media, painel=False, 8 resultado(s), 0.01s
[16:21:53] [NIVEL0] 'sulfadiazina de prata' marcado como não faturável separadamente (medicamentos_uso_hospitalar).
[16:21:53] [TOOL] 'sulfadiazina de prata' (cat=MEDICAMENTO) -> nao_faturavel, 0.00s
[16:21:53] [SIGTAP] 'morfina' (cat=MEDICAMENTO): busca restrita a 404 de 4994 procedimentos.
[16:21:53] [TOOL] 'morfina' (cat=MEDICAMENTO) -> nivel1, score=0.333, confianca=media, painel=False, 7 resultado(s), 0.00s
[16:21:53] [SIGTAP] 'cultura de ferida' (cat=EXAME): busca restrita a 1105 de 4994 procedimentos.
[16:21:53] [SEMANTICO] 'cultura de ferida': 0.492 (limiar 0.8) -> ARTROGRAFIA
[16:21:53] [NIVEL4] ===== Iniciando ciclo para 'cultura de ferida' (categoria=EXAME, teto de 6 tentativas) =====
[16:22:08] [NIVEL4] Tentativa 1: resposta não interpretável como JSON — desistindo. Resposta: '\n<think>\nHere\'s a thinking process:\n\n1.  **Analyze User Input:**\n   - **Term from medical record:** "cultura de ferida" '
[16:22:08] [TOOL] 'cultura de ferida' (cat=EXAME) -> vazio, 14.79s
[16:22:08] [SIGTAP] 'swab de queimadura' (cat=EXAME): busca restrita a 1105 de 4994 procedimentos.
[16:22:08] [SEMANTICO] 'swab de queimadura': 0.514 (limiar 0.8) -> PREPARO DE COMPONENTES LAVADOS
[16:22:08] [NIVEL4] ===== Iniciando ciclo para 'swab de queimadura' (categoria=EXAME, teto de 6 tentativas) =====
[16:22:28] [NIVEL4] Tentativa 1: resposta não interpretável como JSON — desistindo. Resposta: '\n<think>\nHere\'s a thinking process:\n\n1.  **Analyze User Input:**\n   - **Term:** "swab de queimadura"\n   - **Category:** '
[16:22:28] [TOOL] 'swab de queimadura' (cat=EXAME) -> vazio, 20.58s
[16:22:28] [SIGTAP] 'enxertia de pele' (cat=PROCEDIMENTO): busca restrita a 2700 de 4994 procedimentos.
[16:22:29] [TOOL] 'enxertia de pele' (cat=PROCEDIMENTO) -> nivel2, score=0.591, confianca=media, painel=False, 2 resultado(s), 0.04s
[16:22:29] [NIVEL0] 'proteína C reativa' -> ['proteina c reativa']
[16:22:29] [TOOL] 'proteína C reativa' (cat=EXAME) -> nivel0, score=1.000, confianca=alta, painel=False, 1 resultado(s), 0.03s
[16:22:29] [SIGTAP] 'albumina sérica' (cat=EXAME): busca restrita a 1105 de 4994 procedimentos.
[16:22:29] [SEMANTICO] 'albumina serica': 0.580 (limiar 0.8) -> FUNDOSCOPIA
[16:22:29] [NIVEL4] ===== Iniciando ciclo para 'albumina sérica' (categoria=EXAME, teto de 6 tentativas) =====
[16:22:48] [NIVEL4] Tentativa 1: resposta não interpretável como JSON — desistindo. Resposta: '\n<think>\nHere\'s a thinking process:\n\n1.  **Analyze User Input:**\n   - **Term from medical record:** "albumina sérica"\n  '
[16:22:48] [TOOL] 'albumina sérica' (cat=EXAME) -> vazio, 19.07s
[16:22:48] [SIGTAP] 'alteplase' (cat=MEDICAMENTO): busca restrita a 404 de 4994 procedimentos.
[16:22:48] [TOOL] 'alteplase' (cat=MEDICAMENTO) -> nivel1, score=0.167, confianca=media, painel=False, 3 resultado(s), 0.01s
[16:22:48] [SIGTAP] 'tomografia computadorizada de crânio' (cat=EXAME): busca restrita a 1105 de 4994 procedimentos.
[16:22:48] [TOOL] 'tomografia computadorizada de crânio' (cat=EXAME) -> nivel1, score=1.000, confianca=alta, painel=False, 1 resultado(s), 0.01s
[16:22:48] [SIGTAP] 'angiotomografia de vasos cerebrais' (cat=EXAME): busca restrita a 1105 de 4994 procedimentos.
[16:22:48] [SEMANTICO] 'angiotomografia de vasos cerebrais': 0.916 (limiar 0.8) -> ANGIOGRAFIA CEREBRAL (4 VASOS)
[16:22:48] [TOOL] 'angiotomografia de vasos cerebrais' (cat=EXAME) -> nivel_semantico, score=0.916, confianca=media, painel=False, 1 resultado(s), 0.05s
[16:22:48] [NIVEL0] 'cateter nasal de oxigênio' marcado como não faturável separadamente (materiais_descartaveis).
[16:22:48] [TOOL] 'cateter nasal de oxigênio' (cat=MATERIAL) -> nao_faturavel, 0.00s
[16:22:48] [NIVEL0] 'coagulograma' -> ['tempo de protrombina', 'tempo de tromboplastina parcial ativada']
[16:22:48] [TOOL] 'coagulograma' (cat=EXAME) -> nivel0, score=1.000, confianca=alta, painel=True, 2 resultado(s), 0.04s
[16:22:48] [NIVEL0] 'perfil lipídico' -> ['colesterol total', 'triglicerideos', 'colesterol hdl']
[16:22:48] [TOOL] 'perfil lipídico' (cat=EXAME) -> nivel0, score=1.000, confianca=alta, painel=True, 3 resultado(s), 0.06s
[16:22:48] [SIGTAP] 'Fisioterapia neurológica' (cat=PROCEDIMENTO): busca restrita a 2700 de 4994 procedimentos.
[16:22:48] [SEMANTICO] 'fisioterapia neurologica': 0.821 (limiar 0.8) -> ATENDIMENTO FISIOTERAPÊUTICO NAS DESORDENS DO DESENVOLVIMENT
[16:22:48] [TOOL] 'Fisioterapia neurológica' (cat=PROCEDIMENTO) -> nivel_semantico, score=0.821, confianca=baixa, painel=False, 1 resultado(s), 0.05s
[16:22:48] [NIVEL0] 'Sonda vesical de demora' -> ['cateterismo vesical de demora']
[16:22:48] [TOOL] 'Sonda vesical de demora' (cat=MATERIAL) -> nivel0, score=1.000, confianca=alta, painel=False, 1 resultado(s), 0.02s
[16:22:48] [SIGTAP] 'Doppler transcraniano' (cat=EXAME): busca restrita a 1105 de 4994 procedimentos.
[16:22:48] [SEMANTICO] 'doppler transcraniano': 0.535 (limiar 0.8) -> FOCALIZAÇÃO ISOELÉTRICA DA TRANSFERRINA
[16:22:48] [TOOL] 'Doppler transcraniano' (cat=EXAME) -> nivel3, score=1.000, confianca=media, painel=False, 1 resultado(s), 0.04s
[16:22:48] [SIGTAP] 'insulina regular' (cat=MEDICAMENTO): busca restrita a 404 de 4994 procedimentos.
[16:22:48] [SEMANTICO] 'insulina regular': 0.796 (limiar 0.8) -> INSULINA ANÁLOGA DE AÇÃO PROLONGADA DE 100 UI/ML
[16:22:48] [NIVEL4] ===== Iniciando ciclo para 'insulina regular' (categoria=MEDICAMENTO, teto de 6 tentativas) =====
[16:23:03] [NIVEL4] Tentativa 1: resposta não interpretável como JSON — desistindo. Resposta: '\n<think>\nHere\'s a thinking process:\n\n1.  **Analyze User Input:**\n   - **Term:** "insulina regular"\n   - **Category:** ME'
[16:23:03] [TOOL] 'insulina regular' (cat=MEDICAMENTO) -> vazio, 15.22s
[16:23:03] [SIGTAP] 'bomba de infusão' (cat=MATERIAL): busca restrita a 540 de 4994 procedimentos.
[16:23:03] [TOOL] 'bomba de infusão' (cat=MATERIAL) -> nivel1, score=0.286, confianca=media, painel=False, 1 resultado(s), 0.00s
[16:23:03] [NIVEL0] 'Reposição volêmica' marcado como não faturável separadamente (procedimentos_embutidos).
[16:23:03] [TOOL] 'Reposição volêmica' (cat=PROCEDIMENTO) -> nao_faturavel, 0.00s
[16:23:03] [NIVEL0] 'solução salina' marcado como não faturável separadamente (medicamentos_uso_hospitalar).
[16:23:03] [TOOL] 'solução salina' (cat=MEDICAMENTO) -> nao_faturavel, 0.00s
[16:23:03] [SIGTAP] 'glicemia capilar' (cat=EXAME): busca restrita a 1105 de 4994 procedimentos.
[16:23:03] [TOOL] 'glicemia capilar' (cat=EXAME) -> nivel1, score=1.000, confianca=alta, painel=False, 1 resultado(s), 0.01s
[16:23:03] [NIVEL0] 'gasometria venosa' -> ['gasometria']
[16:23:03] [TOOL] 'gasometria venosa' (cat=EXAME) -> nivel0, score=1.000, confianca=alta, painel=False, 1 resultado(s), 0.02s
[16:23:03] [NIVEL0] 'cetonemia' -> ['corpos cetonicos']
[16:23:03] [TOOL] 'cetonemia' (cat=EXAME) -> nivel0, score=1.000, confianca=alta, painel=False, 1 resultado(s), 0.01s
[16:23:03] [NIVEL0] 'cloreto de potássio' marcado como não faturável separadamente (medicamentos_uso_hospitalar).
[16:23:03] [TOOL] 'cloreto de potássio' (cat=MEDICAMENTO) -> nao_faturavel, 0.00s
[16:23:03] [SIGTAP] 'eletrocardiograma' (cat=EXAME): busca restrita a 1105 de 4994 procedimentos.
[16:23:03] [TOOL] 'eletrocardiograma' (cat=EXAME) -> nivel1, score=1.000, confianca=alta, painel=False, 3 resultado(s), 0.01s
[16:23:03] [NIVEL0] 'Monitor cardíaco' marcado como não faturável separadamente (procedimentos_embutidos).
[16:23:03] [TOOL] 'Monitor cardíaco' (cat=MATERIAL) -> nao_faturavel, 0.00s
[16:23:03] [SIGTAP] 'hemograma completo' (cat=EXAME): busca restrita a 1105 de 4994 procedimentos.
[16:23:03] [TOOL] 'hemograma completo' (cat=EXAME) -> nivel1, score=1.000, confianca=alta, painel=False, 1 resultado(s), 0.01s
[16:23:03] [SIGTAP] 'ecocardiograma transesofágico' (cat=EXAME): busca restrita a 1105 de 4994 procedimentos.
[16:23:03] [SEMANTICO] 'ecocardiograma transesofagico': 0.908 (limiar 0.8) -> ECOCARDIOGRAFIA TRANSESOFAGICA
[16:23:03] [TOOL] 'ecocardiograma transesofágico' (cat=EXAME) -> nivel_semantico, score=0.908, confianca=media, painel=False, 1 resultado(s), 0.03s
[16:23:03] [NIVEL0] 'cateter de Swan-Ganz' marcado como não faturável separadamente (materiais_descartaveis).
[16:23:03] [TOOL] 'cateter de Swan-Ganz' (cat=MATERIAL) -> nao_faturavel, 0.00s
[16:23:03] [NIVEL0] 'protamina' marcado como não faturável separadamente (medicamentos_uso_hospitalar).
[16:23:03] [TOOL] 'protamina' (cat=MEDICAMENTO) -> nao_faturavel, 0.00s
[16:23:04] [NIVEL0] 'heparina' marcado como não faturável separadamente (medicamentos_uso_hospitalar).
[16:23:04] [TOOL] 'heparina' (cat=MEDICAMENTO) -> nao_faturavel, 0.00s
[16:23:04] [NIVEL0] 'raio-x de tórax' -> ['radiografia de torax']
[16:23:04] [TOOL] 'raio-x de tórax' (cat=EXAME) -> nivel0, score=1.000, confianca=alta, painel=False, 1 resultado(s), 0.02s
[16:23:04] [NIVEL0] 'Drenos mediastinais' marcado como não faturável separadamente (materiais_descartaveis).
[16:23:04] [TOOL] 'Drenos mediastinais' (cat=MATERIAL) -> nao_faturavel, 0.00s
[16:23:04] [SIGTAP] 'Fisioterapia respiratória' (cat=PROCEDIMENTO): busca restrita a 2700 de 4994 procedimentos.
[16:23:04] [SEMANTICO] 'fisioterapia respiratoria': 0.825 (limiar 0.8) -> TRATAMENTO DE OUTRAS DOENCAS DO APARELHO RESPIRATORIO
[16:23:04] [TOOL] 'Fisioterapia respiratória' (cat=PROCEDIMENTO) -> nivel_semantico, score=0.825, confianca=baixa, painel=False, 1 resultado(s), 0.05s
[16:23:04] [SIGTAP] 'troponina' (cat=EXAME): busca restrita a 1105 de 4994 procedimentos.
[16:23:04] [TOOL] 'troponina' (cat=EXAME) -> nivel1, score=0.500, confianca=media, painel=False, 1 resultado(s), 0.01s
[16:23:04] [NIVEL0] 'coagulograma' -> ['tempo de protrombina', 'tempo de tromboplastina parcial ativada']
[16:23:04] [TOOL] 'coagulograma' (cat=EXAME) -> nivel0, score=1.000, confianca=alta, painel=True, 2 resultado(s), 0.04s
[16:23:04] [NIVEL0] 'oseltamivir' marcado como não faturável separadamente (medicamentos_uso_hospitalar).
[16:23:04] [TOOL] 'oseltamivir' (cat=MEDICAMENTO) -> nao_faturavel, 0.00s
[16:23:04] [NIVEL0] 'azitromicina' marcado como não faturável separadamente (medicamentos_uso_hospitalar).
[16:23:04] [TOOL] 'azitromicina' (cat=MEDICAMENTO) -> nao_faturavel, 0.00s
[16:23:04] [SIGTAP] 'ventilação não invasiva' (cat=PROCEDIMENTO): busca restrita a 2700 de 4994 procedimentos.
[16:23:04] [TOOL] 'ventilação não invasiva' (cat=PROCEDIMENTO) -> nivel1, score=0.429, confianca=media, painel=False, 2 resultado(s), 0.02s
[16:23:04] [NIVEL0] 'máscara facial total' marcado como não faturável separadamente (materiais_descartaveis).
[16:23:04] [TOOL] 'máscara facial total' (cat=MATERIAL) -> nao_faturavel, 0.00s
[16:23:04] [SIGTAP] 'painel viral respiratório' (cat=EXAME): busca restrita a 1105 de 4994 procedimentos.
[16:23:04] [SEMANTICO] 'painel viral respiratorio': 0.771 (limiar 0.8) -> PESQUISA DE ANTICORPOS E/OU ANTIGENO DO VIRUS SINCICIAL RESP
[16:23:04] [NIVEL4] ===== Iniciando ciclo para 'painel viral respiratório' (categoria=EXAME, teto de 6 tentativas) =====
[16:23:20] [NIVEL4] Tentativa 1: resposta não interpretável como JSON — desistindo. Resposta: '\n<think>\nHere\'s a thinking process:\n\n1.  **Analyze User Input:**\n   - **Term from medical record:** "painel viral respir'
[16:23:20] [TOOL] 'painel viral respiratório' (cat=EXAME) -> vazio, 15.93s
[16:23:20] [NIVEL0] 'raio-x de tórax' -> ['radiografia de torax']
[16:23:20] [TOOL] 'raio-x de tórax' (cat=EXAME) -> nivel0, score=1.000, confianca=alta, painel=False, 1 resultado(s), 0.02s
[16:23:20] [NIVEL0] 'tomografia de tórax' -> ['tomografia computadorizada de torax']
[16:23:20] [TOOL] 'tomografia de tórax' (cat=EXAME) -> nivel0, score=1.000, confianca=alta, painel=False, 1 resultado(s), 0.02s
[16:23:20] [SIGTAP] 'metilprednisolona' (cat=MEDICAMENTO): busca restrita a 404 de 4994 procedimentos.
[16:23:20] [TOOL] 'metilprednisolona' (cat=MEDICAMENTO) -> nivel1, score=0.200, confianca=media, painel=False, 3 resultado(s), 0.00s
[16:23:20] [SIGTAP] 'Fisioterapia respiratória' (cat=PROCEDIMENTO): busca restrita a 2700 de 4994 procedimentos.
[16:23:20] [SEMANTICO] 'fisioterapia respiratoria': 0.825 (limiar 0.8) -> TRATAMENTO DE OUTRAS DOENCAS DO APARELHO RESPIRATORIO
[16:23:20] [TOOL] 'Fisioterapia respiratória' (cat=PROCEDIMENTO) -> nivel_semantico, score=0.825, confianca=baixa, painel=False, 1 resultado(s), 0.05s
[16:23:20] [SIGTAP] 'nebulização' (cat=PROCEDIMENTO): busca restrita a 2700 de 4994 procedimentos.
[16:23:20] [TOOL] 'nebulização' (cat=PROCEDIMENTO) -> nivel1, score=0.500, confianca=media, painel=False, 1 resultado(s), 0.01s
[16:23:20] [SIGTAP] 'broncodilatador' (cat=MEDICAMENTO): busca restrita a 404 de 4994 procedimentos.
[16:23:20] [SEMANTICO] 'broncodilatador': 0.599 (limiar 0.8) -> BROMOCRIPTINA 2,5 MG (POR COMPRIMIDO)
[16:23:20] [NIVEL4] ===== Iniciando ciclo para 'broncodilatador' (categoria=MEDICAMENTO, teto de 6 tentativas) =====
[16:23:39] [NIVEL4] Tentativa 1: resposta não interpretável como JSON — desistindo. Resposta: '\n<think>\nHere\'s a thinking process:\n\n1.  **Analyze User Input:**\n   - **Term:** "broncodilatador"\n   - **Category:** MED'
[16:23:39] [TOOL] 'broncodilatador' (cat=MEDICAMENTO) -> vazio, 19.28s
[16:23:39] [SIGTAP] 'lactato' (cat=EXAME): busca restrita a 1105 de 4994 procedimentos.
[16:23:39] [TOOL] 'lactato' (cat=EXAME) -> nivel1, score=0.500, confianca=media, painel=False, 2 resultado(s), 0.00s
[16:23:39] [NIVEL0] 'gasometria arterial' -> ['gasometria']
[16:23:39] [TOOL] 'gasometria arterial' (cat=EXAME) -> nivel0, score=1.000, confianca=alta, painel=False, 1 resultado(s), 0.03s
[16:26:38] [SIGTAP] Iniciando servidor MCP...
[16:26:38] [NIVEL0] Dicionário carregado: 29 sinônimo(s), 23 termo(s) não faturável(is).
[16:26:38] [SIGTAP] Conectando ao Postgres em localhost:5432/sigtap (timeout=5s)...
[16:26:38] [SIGTAP] Tabela carregada: 4994 procedimentos, 9 grupos, em 0.3s.
[16:26:38] [SEMANTICO] Cache reaproveitado (4994 linhas).
[16:26:38] [SEMANTICO] Carregando modelo 'paraphrase-multilingual-MiniLM-L12-v2' (HF_HUB_OFFLINE=1)...
[16:26:47] [SEMANTICO] Modelo carregado em 9.2s.
[16:26:47] [AQUECIMENTO] Primeiro encode em 0.3s.
[16:26:47] [AQUECIMENTO] Concluído em 9.9s — as buscas já respondem sem atraso inicial.
[16:26:47] [SIGTAP] Nível 4 (agente): ATIVO, teto de 6 tentativas por termo.
[16:26:47] [SIGTAP] Pronto, aguardando conexão via stdio...
[16:26:52] [NIVEL0] 'intubação orotraqueal' marcado como não faturável separadamente (procedimentos_embutidos).
[16:26:52] [TOOL] 'intubação orotraqueal' (cat=PROCEDIMENTO) -> nao_faturavel, 0.00s
[16:26:52] [SIGTAP] 'eletrocardiograma' (cat=EXAME): busca restrita a 1105 de 4994 procedimentos.
[16:26:52] [TOOL] 'eletrocardiograma' (cat=EXAME) -> nivel1, score=1.000, confianca=alta, painel=False, 3 resultado(s), 0.02s
[16:26:53] [SIGTAP] 'laparotomia exploradora' (cat=PROCEDIMENTO): busca restrita a 2700 de 4994 procedimentos.
[16:26:53] [TOOL] 'laparotomia exploradora' (cat=PROCEDIMENTO) -> nivel1, score=1.000, confianca=alta, painel=False, 2 resultado(s), 0.01s
[16:26:53] [NIVEL0] 'manitol' marcado como não faturável separadamente (medicamentos_uso_hospitalar).
[16:26:53] [TOOL] 'manitol' (cat=MEDICAMENTO) -> nao_faturavel, 0.00s
[16:26:54] [SIGTAP] 'hemodiálise' (cat=PROCEDIMENTO): busca restrita a 2700 de 4994 procedimentos.
[16:26:54] [TOOL] 'hemodiálise' (cat=PROCEDIMENTO) -> nivel1, score=0.500, confianca=media, painel=False, 10 resultado(s), 0.01s
[16:26:55] [SIGTAP] 'curativo' (cat=PROCEDIMENTO): busca restrita a 2700 de 4994 procedimentos.
[16:26:55] [TOOL] 'curativo' (cat=PROCEDIMENTO) -> nivel1, score=0.500, confianca=media, painel=False, 8 resultado(s), 0.01s
[16:26:56] [SIGTAP] 'alteplase' (cat=MEDICAMENTO): busca restrita a 404 de 4994 procedimentos.
[16:26:56] [TOOL] 'alteplase' (cat=MEDICAMENTO) -> nivel1, score=0.167, confianca=media, painel=False, 3 resultado(s), 0.00s
[16:26:57] [SIGTAP] 'insulina regular' (cat=MEDICAMENTO): busca restrita a 404 de 4994 procedimentos.
[16:26:57] [SEMANTICO] 'insulina regular': 0.796 (limiar 0.8) -> INSULINA ANÁLOGA DE AÇÃO PROLONGADA DE 100 UI/ML
[16:26:57] [NIVEL4] Agente usando API (groq): openai/gpt-oss-120b
[16:27:00] [NIVEL4] ===== Iniciando ciclo para 'insulina regular' (categoria=MEDICAMENTO, teto de 6 tentativas) =====
[16:27:01] [NIVEL4] Tentativa 1: DESISTIR — Insulina regular é um medicamento de uso hospitalar rotineiro e não possui código próprio no SIGTAP; medicamentos são faturados dentro de procedimentos ou como 
[16:27:01] [NIVEL4] ===== Ciclo de 'insulina regular' encerrado sem correspondência (1 tentativa(s)) =====
[16:27:01] [TOOL] 'insulina regular' (cat=MEDICAMENTO) -> vazio, 3.68s
[16:27:01] [SIGTAP] 'ecocardiograma transesofágico' (cat=EXAME): busca restrita a 1105 de 4994 procedimentos.
[16:27:01] [SEMANTICO] 'ecocardiograma transesofagico': 0.908 (limiar 0.8) -> ECOCARDIOGRAFIA TRANSESOFAGICA
[16:27:01] [TOOL] 'ecocardiograma transesofágico' (cat=EXAME) -> nivel_semantico, score=0.908, confianca=media, painel=False, 1 resultado(s), 0.04s
[16:27:02] [NIVEL0] 'oseltamivir' marcado como não faturável separadamente (medicamentos_uso_hospitalar).
[16:27:02] [TOOL] 'oseltamivir' (cat=MEDICAMENTO) -> nao_faturavel, 0.00s
[16:56:57] [SIGTAP] Iniciando servidor MCP...
[16:56:57] [NIVEL0] Dicionário carregado: 29 sinônimo(s), 23 termo(s) não faturável(is).
[16:56:57] [SIGTAP] Conectando ao Postgres em localhost:5432/sigtap (timeout=5s)...
[16:56:58] [SIGTAP] Tabela carregada: 4994 procedimentos, 9 grupos, em 0.5s.
[16:56:58] [SEMANTICO] Cache reaproveitado (4994 linhas).
[16:56:58] [SEMANTICO] Carregando modelo 'paraphrase-multilingual-MiniLM-L12-v2' (HF_HUB_OFFLINE=1)...
[16:57:13] [SEMANTICO] Modelo carregado em 15.0s.
[16:57:15] [AQUECIMENTO] Primeiro encode em 2.4s.
[16:57:15] [AQUECIMENTO] Concluído em 18.1s — as buscas já respondem sem atraso inicial.
[16:57:15] [SIGTAP] Nível 4 (agente): ATIVO, teto de 6 tentativas por termo.
[16:57:15] [SIGTAP] Pronto, aguardando conexão via stdio...
[16:57:15] [NIVEL0] 'intubação orotraqueal' marcado como não faturável separadamente (procedimentos_embutidos).
[16:57:15] [TOOL] 'intubação orotraqueal' (cat=PROCEDIMENTO) -> nao_faturavel, 0.00s
[16:57:15] [SIGTAP] 'ventilação mecânica invasiva' (cat=PROCEDIMENTO): busca restrita a 2700 de 4994 procedimentos.
[16:57:15] [TOOL] 'ventilação mecânica invasiva' (cat=PROCEDIMENTO) -> nivel1, score=0.333, confianca=media, painel=False, 1 resultado(s), 0.04s
[16:57:15] [SIGTAP] 'midazolam' (cat=MEDICAMENTO): busca restrita a 404 de 4994 procedimentos.
[16:57:15] [SEMANTICO] 'midazolam': 0.651 (limiar 0.8) -> ABCIXIMABE
[16:57:15] [NIVEL4] Agente usando API (groq): openai/gpt-oss-120b
[16:57:19] [NIVEL4] ===== Iniciando ciclo para 'midazolam' (categoria=MEDICAMENTO, teto de 6 tentativas) =====
[16:57:20] [NIVEL4] Tentativa 1: DESISTIR — Midazolam é um fármaco de uso hospitalar rotineiro e não possui código próprio no SIGTAP; medicamentos são faturados apenas quando integrados a procedimentos an
[16:57:20] [NIVEL4] ===== Ciclo de 'midazolam' encerrado sem correspondência (1 tentativa(s)) =====
[16:57:20] [TOOL] 'midazolam' (cat=MEDICAMENTO) -> vazio, 4.59s
[16:57:20] [SIGTAP] 'fentanil' (cat=MEDICAMENTO): busca restrita a 404 de 4994 procedimentos.
[16:57:20] [SEMANTICO] 'fentanil': 0.667 (limiar 0.8) -> MORFINA  DE LIBERACAO CONTROLADA 60 MG (POR CAPSULA)
[16:57:20] [NIVEL4] ===== Iniciando ciclo para 'fentanil' (categoria=MEDICAMENTO, teto de 6 tentativas) =====
[16:57:21] [NIVEL4] Tentativa 1: DESISTIR — Fentanil é um medicamento de uso hospitalar que não possui código próprio no SIGTAP; sua administração costuma estar incluída em procedimentos de anestesia ou a
[16:57:21] [NIVEL4] ===== Ciclo de 'fentanil' encerrado sem correspondência (1 tentativa(s)) =====
[16:57:21] [TOOL] 'fentanil' (cat=MEDICAMENTO) -> vazio, 0.72s
[16:57:21] [NIVEL0] 'sedoanalgesia' marcado como não faturável separadamente (procedimentos_embutidos).
[16:57:21] [TOOL] 'sedoanalgesia' (cat=PROCEDIMENTO) -> nao_faturavel, 0.00s
[16:57:21] [SIGTAP] 'hemograma completo' (cat=EXAME): busca restrita a 1105 de 4994 procedimentos.
[16:57:21] [TOOL] 'hemograma completo' (cat=EXAME) -> nivel1, score=1.000, confianca=alta, painel=False, 1 resultado(s), 0.01s
[16:57:21] [SIGTAP] 'hemocultura' (cat=EXAME): busca restrita a 1105 de 4994 procedimentos.
[16:57:21] [TOOL] 'hemocultura' (cat=EXAME) -> nivel1, score=1.000, confianca=alta, painel=False, 1 resultado(s), 0.01s
[16:57:21] [SIGTAP] 'piperacilina-tazobactam' (cat=MEDICAMENTO): busca restrita a 404 de 4994 procedimentos.
[16:57:21] [SEMANTICO] 'piperacilina tazobactam': 0.661 (limiar 0.8) -> TAFAMIDIS 61 MG (POR CÁPSULA)
[16:57:21] [NIVEL4] ===== Iniciando ciclo para 'piperacilina-tazobactam' (categoria=MEDICAMENTO, teto de 6 tentativas) =====
[16:57:22] [NIVEL4] Tentativa 1: DESISTIR — piperacilina-tazobactam é um antibiótico de uso hospitalar que não possui código próprio no SIGTAP; medicamentos de rotina são faturados como insumo ou incluído
[16:57:22] [NIVEL4] ===== Ciclo de 'piperacilina-tazobactam' encerrado sem correspondência (1 tentativa(s)) =====
[16:57:22] [TOOL] 'piperacilina-tazobactam' (cat=MEDICAMENTO) -> vazio, 0.77s
[16:57:22] [NIVEL0] 'raio-x de tórax' -> ['radiografia de torax']
[16:57:22] [TOOL] 'raio-x de tórax' (cat=EXAME) -> nivel0, score=1.000, confianca=alta, painel=False, 1 resultado(s), 0.02s
[16:57:22] [SIGTAP] 'Cateter venoso central' (cat=MATERIAL): busca restrita a 540 de 4994 procedimentos.
[16:57:22] [TOOL] 'Cateter venoso central' (cat=MATERIAL) -> nivel1, score=0.600, confianca=alta, painel=False, 4 resultado(s), 0.00s
[16:57:22] [SIGTAP] 'eletrocardiograma' (cat=EXAME): busca restrita a 1105 de 4994 procedimentos.
[16:57:22] [TOOL] 'eletrocardiograma' (cat=EXAME) -> nivel1, score=1.000, confianca=alta, painel=False, 3 resultado(s), 0.01s
[16:57:22] [NIVEL0] 'monitor cardíaco' marcado como não faturável separadamente (procedimentos_embutidos).
[16:57:22] [TOOL] 'monitor cardíaco' (cat=MATERIAL) -> nao_faturavel, 0.00s
[16:57:22] [SIGTAP] 'troponina' (cat=EXAME): busca restrita a 1105 de 4994 procedimentos.
[16:57:22] [TOOL] 'troponina' (cat=EXAME) -> nivel1, score=0.500, confianca=media, painel=False, 1 resultado(s), 0.01s
[16:57:22] [NIVEL0] 'CK-MB' -> ['creatinofosfoquinase fracao mb']
[16:57:22] [TOOL] 'CK-MB' (cat=EXAME) -> nivel0, score=1.000, confianca=alta, painel=False, 1 resultado(s), 0.02s
[16:57:22] [NIVEL0] 'gasometria arterial' -> ['gasometria']
[16:57:22] [TOOL] 'gasometria arterial' (cat=EXAME) -> nivel0, score=1.000, confianca=alta, painel=False, 1 resultado(s), 0.02s
[16:57:22] [NIVEL0] 'adrenalina' marcado como não faturável separadamente (medicamentos_uso_hospitalar).
[16:57:22] [TOOL] 'adrenalina' (cat=MEDICAMENTO) -> nao_faturavel, 0.00s
[16:57:22] [SIGTAP] 'ecocardiograma à beira leito' (cat=EXAME): busca restrita a 1105 de 4994 procedimentos.
[16:57:22] [SEMANTICO] 'ecocardiograma a beira leito': 0.844 (limiar 0.8) -> ECOCARDIOGRAFIA TRANSTORACICA
[16:57:22] [TOOL] 'ecocardiograma à beira leito' (cat=EXAME) -> nivel_semantico, score=0.844, confianca=baixa, painel=False, 1 resultado(s), 0.04s
[16:57:22] [NIVEL0] 'noradrenalina' marcado como não faturável separadamente (medicamentos_uso_hospitalar).
[16:57:22] [TOOL] 'noradrenalina' (cat=MEDICAMENTO) -> nao_faturavel, 0.00s
[16:57:22] [NIVEL0] 'Sondagem vesical de demora' -> ['cateterismo vesical de demora']
[16:57:22] [TOOL] 'Sondagem vesical de demora' (cat=MATERIAL) -> nivel0, score=1.000, confianca=alta, painel=False, 1 resultado(s), 0.03s
[16:57:22] [SIGTAP] 'tomografia computadorizada de crânio' (cat=EXAME): busca restrita a 1105 de 4994 procedimentos.
[16:57:22] [TOOL] 'tomografia computadorizada de crânio' (cat=EXAME) -> nivel1, score=1.000, confianca=alta, painel=False, 1 resultado(s), 0.01s
[16:57:22] [SIGTAP] 'laparotomia exploradora' (cat=PROCEDIMENTO): busca restrita a 2700 de 4994 procedimentos.
[16:57:22] [TOOL] 'laparotomia exploradora' (cat=PROCEDIMENTO) -> nivel1, score=1.000, confianca=alta, painel=False, 2 resultado(s), 0.02s
[16:57:22] [SIGTAP] 'drenagem de abscesso' (cat=PROCEDIMENTO): busca restrita a 2700 de 4994 procedimentos.
[16:57:22] [TOOL] 'drenagem de abscesso' (cat=PROCEDIMENTO) -> nivel1, score=1.000, confianca=alta, painel=False, 18 resultado(s), 0.02s
[16:57:22] [NIVEL0] 'vancomicina' marcado como não faturável separadamente (medicamentos_uso_hospitalar).
[16:57:22] [TOOL] 'vancomicina' (cat=MEDICAMENTO) -> nao_faturavel, 0.00s
[16:57:22] [SIGTAP] 'lactato' (cat=EXAME): busca restrita a 1105 de 4994 procedimentos.
[16:57:22] [TOOL] 'lactato' (cat=EXAME) -> nivel1, score=0.500, confianca=media, painel=False, 2 resultado(s), 0.01s
[16:57:22] [NIVEL0] 'PCR' -> ['proteina c reativa']
[16:57:22] [TOOL] 'PCR' (cat=EXAME) -> nivel0, score=1.000, confianca=alta, painel=False, 1 resultado(s), 0.02s
[16:57:22] [SIGTAP] 'procalcitonina' (cat=EXAME): busca restrita a 1105 de 4994 procedimentos.
[16:57:22] [SEMANTICO] 'procalcitonina': 0.705 (limiar 0.8) -> DOSAGEM DE PROLACTINA
[16:57:22] [NIVEL4] ===== Iniciando ciclo para 'procalcitonina' (categoria=EXAME, teto de 6 tentativas) =====
[16:57:23] [NIVEL4] Tentativa 1: BUSCAR 'DOSAGEM DE PROCALCITONINA' — No SIGTAP exames laboratoriais costumam iniciar com 'DOSAGEM DE'. O termo clínico 'procalcitonina' corresponde ao teste de dosagem desse biomarcador, que no cad
[16:57:23] [SEMANTICO] 'dosagem de procalcitonina': 0.858 (limiar 0.8) -> DOSAGEM DE PROLACTINA
[16:57:23] [NIVEL4]   -> 1 candidato(s) via nivel_semantico: DOSAGEM DE PROLACTINA
[16:57:24] [NIVEL4] Tentativa 2: BUSCAR 'PESQUISA DE PROCALCITONINA' — Exames laboratoriais podem ser cadastrados como 'PESQUISA DE' ao invés de 'DOSAGEM DE'. Trocar o verbo pode revelar o código correto para a dosagem de procalcit
[16:57:24] [SEMANTICO] 'pesquisa de procalcitonina': 0.737 (limiar 0.8) -> PROVA DE CONSUMO DE PROTROMBINA
[16:57:24] [NIVEL4]   -> nada encontrado para 'PESQUISA DE PROCALCITONINA'
[16:57:25] [NIVEL4] Tentativa 3: BUSCAR 'DETERMINAÇÃO DE PROCALCITONINA' — Alguns exames laboratoriais são cadastrados com o verbo 'DETERMINAÇÃO DE' em vez de 'DOSAGEM' ou 'PESQUISA'. Trocar para esse termo pode localizar o código da p
[16:57:25] [SEMANTICO] 'determinacao de procalcitonina': 0.754 (limiar 0.8) -> PROVA DE CONSUMO DE PROTROMBINA
[16:57:25] [NIVEL4]   -> nada encontrado para 'DETERMINAÇÃO DE PROCALCITONINA'
[16:57:25] [NIVEL4] Tentativa 4: DESISTIR — Não há registro de procedimento específico para procalcitonina no SIGTAP; exames laboratoriais desse biomarcador não são faturáveis separadamente no sistema.
[16:57:25] [NIVEL4] ===== Ciclo de 'procalcitonina' encerrado sem correspondência (4 tentativa(s)) =====
[16:57:25] [TOOL] 'procalcitonina' (cat=EXAME) -> vazio, 3.44s
[16:57:25] [NIVEL0] 'ultrassom abdominal' -> ['ultrassonografia de abdomen total']
[16:57:25] [TOOL] 'ultrassom abdominal' (cat=EXAME) -> nivel0, score=1.000, confianca=alta, painel=False, 1 resultado(s), 0.01s
[16:57:25] [SIGTAP] 'cateter arterial' (cat=MATERIAL): busca restrita a 540 de 4994 procedimentos.
[16:57:25] [TOOL] 'cateter arterial' (cat=MATERIAL) -> nivel1, score=0.400, confianca=media, painel=False, 1 resultado(s), 0.00s
[16:57:26] [SIGTAP] 'Hemotransfusão' (cat=PROCEDIMENTO): busca restrita a 2700 de 4994 procedimentos.
[16:57:26] [SEMANTICO] 'hemotransfusao': 0.839 (limiar 0.8) -> HEMOFILTRAÇÃO
[16:57:26] [TOOL] 'Hemotransfusão' (cat=PROCEDIMENTO) -> nivel_semantico, score=0.839, confianca=baixa, painel=False, 1 resultado(s), 0.04s
[16:57:26] [SIGTAP] 'curativo' (cat=PROCEDIMENTO): busca restrita a 2700 de 4994 procedimentos.
[16:57:26] [TOOL] 'curativo' (cat=PROCEDIMENTO) -> nivel1, score=0.500, confianca=media, painel=False, 8 resultado(s), 0.01s
[16:57:26] [NIVEL0] 'dreno abdominal' marcado como não faturável separadamente (materiais_descartaveis).
[16:57:26] [TOOL] 'dreno abdominal' (cat=MATERIAL) -> nao_faturavel, 0.00s
[16:57:26] [NIVEL0] 'manitol' marcado como não faturável separadamente (medicamentos_uso_hospitalar).
[16:57:26] [TOOL] 'manitol' (cat=MEDICAMENTO) -> nao_faturavel, 0.00s
[16:57:26] [SIGTAP] 'dexametasona' (cat=MEDICAMENTO): busca restrita a 404 de 4994 procedimentos.
[16:57:26] [SEMANTICO] 'dexametasona': 0.504 (limiar 0.8) -> CLORIDRATO DE TIROFIBANA
[16:57:26] [NIVEL4] ===== Iniciando ciclo para 'dexametasona' (categoria=MEDICAMENTO, teto de 6 tentativas) =====
[16:57:27] [NIVEL4] Tentativa 1: DESISTIR — Dexametasona é um medicamento de uso rotineiro e não possui código próprio no SIGTAP; a tabela contém apenas atos administrativos (ex.: administração de fármaco
[16:57:27] [NIVEL4] ===== Ciclo de 'dexametasona' encerrado sem correspondência (1 tentativa(s)) =====
[16:57:27] [TOOL] 'dexametasona' (cat=MEDICAMENTO) -> vazio, 1.10s
[16:57:27] [SIGTAP] 'Fisioterapia motora' (cat=PROCEDIMENTO): busca restrita a 2700 de 4994 procedimentos.
[16:57:27] [SEMANTICO] 'fisioterapia motora': 0.833 (limiar 0.8) -> ATENDIMENTO FISIOTERAPÊUTICO NAS ALTERAÇÕES MOTORAS
[16:57:27] [TOOL] 'Fisioterapia motora' (cat=PROCEDIMENTO) -> nivel_semantico, score=0.833, confianca=baixa, painel=False, 1 resultado(s), 0.05s
[16:57:27] [NIVEL0] 'líquido cefalorraquidiano' -> ['celulas no liquor']
[16:57:27] [TOOL] 'líquido cefalorraquidiano' (cat=EXAME) -> nivel0, score=1.000, confianca=alta, painel=False, 1 resultado(s), 0.02s
[16:57:27] [SIGTAP] 'eletroencefalograma' (cat=EXAME): busca restrita a 1105 de 4994 procedimentos.
[16:57:27] [TOOL] 'eletroencefalograma' (cat=EXAME) -> nivel1, score=0.250, confianca=media, painel=False, 5 resultado(s), 0.01s
[16:57:27] [NIVEL0] 'Sonda nasoenteral' marcado como não faturável separadamente (materiais_descartaveis).
[16:57:27] [TOOL] 'Sonda nasoenteral' (cat=MATERIAL) -> nao_faturavel, 0.00s
[16:57:27] [SIGTAP] 'hemodiálise' (cat=PROCEDIMENTO): busca restrita a 2700 de 4994 procedimentos.
[16:57:27] [TOOL] 'hemodiálise' (cat=PROCEDIMENTO) -> nivel1, score=0.500, confianca=media, painel=False, 10 resultado(s), 0.02s
[16:57:27] [SIGTAP] 'cateter de duplo lúmen' (cat=MATERIAL): busca restrita a 540 de 4994 procedimentos.
[16:57:27] [TOOL] 'cateter de duplo lúmen' (cat=MATERIAL) -> nivel1, score=0.600, confianca=alta, painel=False, 4 resultado(s), 0.01s
[16:57:27] [SIGTAP] 'ureia' (cat=EXAME): busca restrita a 1105 de 4994 procedimentos.
[16:57:27] [TOOL] 'ureia' (cat=EXAME) -> nivel1, score=0.500, confianca=media, painel=False, 2 resultado(s), 0.01s
[16:57:27] [SIGTAP] 'creatinina' (cat=EXAME): busca restrita a 1105 de 4994 procedimentos.
[16:57:27] [TOOL] 'creatinina' (cat=EXAME) -> nivel1, score=0.500, confianca=media, painel=False, 3 resultado(s), 0.01s
[16:57:27] [NIVEL0] 'bicarbonato de sódio' marcado como não faturável separadamente (medicamentos_uso_hospitalar).
[16:57:27] [TOOL] 'bicarbonato de sódio' (cat=MEDICAMENTO) -> nao_faturavel, 0.00s
[16:57:27] [NIVEL0] 'ultrassom renal' -> ['ultrassonografia de aparelho urinario']
[16:57:27] [TOOL] 'ultrassom renal' (cat=EXAME) -> nivel0, score=1.000, confianca=alta, painel=False, 1 resultado(s), 0.02s
[16:57:27] [SIGTAP] 'albumina humana' (cat=MEDICAMENTO): busca restrita a 404 de 4994 procedimentos.
[16:57:27] [TOOL] 'albumina humana' (cat=MEDICAMENTO) -> nivel1, score=0.286, confianca=media, painel=False, 1 resultado(s), 0.00s
[16:57:27] [SIGTAP] 'curativo' (cat=PROCEDIMENTO): busca restrita a 2700 de 4994 procedimentos.
[16:57:27] [TOOL] 'curativo' (cat=PROCEDIMENTO) -> nivel1, score=0.500, confianca=media, painel=False, 8 resultado(s), 0.01s
[16:57:27] [NIVEL0] 'sulfadiazina de prata' marcado como não faturável separadamente (medicamentos_uso_hospitalar).
[16:57:27] [TOOL] 'sulfadiazina de prata' (cat=MEDICAMENTO) -> nao_faturavel, 0.00s
[16:57:27] [SIGTAP] 'morfina' (cat=MEDICAMENTO): busca restrita a 404 de 4994 procedimentos.
[16:57:27] [TOOL] 'morfina' (cat=MEDICAMENTO) -> nivel1, score=0.333, confianca=media, painel=False, 7 resultado(s), 0.00s
[16:57:27] [SIGTAP] 'cultura de ferida' (cat=EXAME): busca restrita a 1105 de 4994 procedimentos.
[16:57:27] [SEMANTICO] 'cultura de ferida': 0.492 (limiar 0.8) -> ARTROGRAFIA
[16:57:27] [NIVEL4] ===== Iniciando ciclo para 'cultura de ferida' (categoria=EXAME, teto de 6 tentativas) =====
[16:57:35] [NIVEL4] Tentativa 1: BUSCAR 'cultura de material de ferida' — no SIGTAP o exame costuma ser registrado como "CULTURA DE MATERIAL DE FERIDA", usando a expressão "material de ferida" em vez de apenas "ferida"
[16:57:35] [SEMANTICO] 'cultura de material de ferida': 0.535 (limiar 0.8) -> ARTROGRAFIA
[16:57:35] [NIVEL4]   -> nada encontrado para 'cultura de material de ferida'
[16:57:45] [NIVEL4] Tentativa 2: DESISTIR — não há código específico no SIGTAP para cultura de ferida; esse ato costuma ser incluído em outros procedimentos ou não é faturável separadamente
[16:57:45] [NIVEL4] ===== Ciclo de 'cultura de ferida' encerrado sem correspondência (2 tentativa(s)) =====
[16:57:45] [TOOL] 'cultura de ferida' (cat=EXAME) -> vazio, 18.36s
[16:57:45] [SIGTAP] 'swab de queimadura' (cat=EXAME): busca restrita a 1105 de 4994 procedimentos.
[16:57:45] [SEMANTICO] 'swab de queimadura': 0.514 (limiar 0.8) -> PREPARO DE COMPONENTES LAVADOS
[16:57:45] [NIVEL4] ===== Iniciando ciclo para 'swab de queimadura' (categoria=EXAME, teto de 6 tentativas) =====
[16:57:59] [NIVEL4] Tentativa 1: BUSCAR 'COLETA DE MATERIAL DE LESÃO DE QUEIMADURA' — No SIGTAP exames de coleta de material de lesão são descritos como 'COLETA DE MATERIAL DE LESÃO ...'. O swab de queimadura corresponde a coleta de material de l
[16:57:59] [SEMANTICO] 'coleta de material de lesao de queimadura': 0.544 (limiar 0.8) -> CINTILOGRAFIA DE FIGADO E BACO (MINIMO 5 IMAGENS)
[16:57:59] [NIVEL4]   -> nada encontrado para 'COLETA DE MATERIAL DE LESÃO DE QUEIMADURA'
[16:58:09] [NIVEL4] Tentativa 2: BUSCAR 'CULTURA DE MATERIAL DE LESÃO DE QUEIMADURA' — No SIGTAP o exame de swab de queimadura costuma ser registrado como cultura de material de lesão. Usar 'CULTURA DE MATERIAL DE LESÃO DE QUEIMADURA' altera o ver
[16:58:09] [SEMANTICO] 'cultura de material de lesao de queimadura': 0.465 (limiar 0.8) -> CINTILOGRAFIA DE FIGADO E BACO (MINIMO 5 IMAGENS)
[16:58:09] [NIVEL4]   -> nada encontrado para 'CULTURA DE MATERIAL DE LESÃO DE QUEIMADURA'
[16:58:17] [NIVEL4] Tentativa 3: BUSCAR 'CULTURA DE MATERIAL DE LESÃO' — O SIGTAP costuma agrupar exames de swab sob o termo administrativo genérico 'CULTURA DE MATERIAL DE LESÃO', sem especificar o tipo de lesão (queimadura, ferida,
[16:58:18] [SEMANTICO] 'cultura de material de lesao': 0.560 (limiar 0.8) -> CINTILOGRAFIA DE FIGADO E BACO (MINIMO 5 IMAGENS)
[16:58:18] [NIVEL4]   -> nada encontrado para 'CULTURA DE MATERIAL DE LESÃO'
[16:58:34] [NIVEL4] Tentativa 4: DESISTIR — Não há código específico no SIGTAP para 'swab de queimadura'. Exames de coleta de material de lesão de queimadura não são faturáveis separadamente e costumam es
[16:58:34] [NIVEL4] ===== Ciclo de 'swab de queimadura' encerrado sem correspondência (4 tentativa(s)) =====
[16:58:34] [TOOL] 'swab de queimadura' (cat=EXAME) -> vazio, 48.32s
[16:58:34] [SIGTAP] 'enxertia de pele' (cat=PROCEDIMENTO): busca restrita a 2700 de 4994 procedimentos.
[16:58:34] [TOOL] 'enxertia de pele' (cat=PROCEDIMENTO) -> nivel2, score=0.591, confianca=media, painel=False, 2 resultado(s), 0.02s
[16:58:34] [NIVEL0] 'proteína C reativa' -> ['proteina c reativa']
[16:58:34] [TOOL] 'proteína C reativa' (cat=EXAME) -> nivel0, score=1.000, confianca=alta, painel=False, 1 resultado(s), 0.01s
[16:58:34] [SIGTAP] 'albumina sérica' (cat=EXAME): busca restrita a 1105 de 4994 procedimentos.
[16:58:34] [SEMANTICO] 'albumina serica': 0.580 (limiar 0.8) -> FUNDOSCOPIA
[16:58:34] [NIVEL4] ===== Iniciando ciclo para 'albumina sérica' (categoria=EXAME, teto de 6 tentativas) =====
[16:58:35] [NIVEL4] Tentativa 1: BUSCAR 'DOSAGEM DE ALBUMINA SÉRICA' — No SIGTAP exames laboratoriais costumam iniciar com 'DOSAGEM DE'. Substituir 'albumina sérica' por 'DOSAGEM DE ALBUMINA SÉRICA' altera a palavra-chave para o pa
[16:58:35] [SEMANTICO] 'dosagem de albumina serica': 0.758 (limiar 0.8) -> DOSAGEM DE ACETONA
[16:58:35] [NIVEL4]   -> nada encontrado para 'DOSAGEM DE ALBUMINA SÉRICA'
[16:58:44] [NIVEL4] Tentativa 2: BUSCAR 'ALBUMINA TOTAL SÉRICA' — O SIGTAP costuma usar o termo 'ALBUMINA TOTAL' para referir‑se à albumina medida no soro. Substituir 'albumina sérica' por 'ALBUMINA TOTAL SÉRICA' altera a pala
[16:58:44] [SEMANTICO] 'albumina total serica': 0.471 (limiar 0.8) -> DOSAGEM DE ACETONA
[16:58:44] [NIVEL4]   -> nada encontrado para 'ALBUMINA TOTAL SÉRICA'
[16:58:52] [NIVEL4] Tentativa 3: DESISTIR — Após múltiplas tentativas com variações típicas (dosagem de albumina sérica, albumina total, albumina sérica) não há registro de código específico no SIGTAP. A 
[16:58:52] [NIVEL4] ===== Ciclo de 'albumina sérica' encerrado sem correspondência (3 tentativa(s)) =====
[16:58:52] [TOOL] 'albumina sérica' (cat=EXAME) -> vazio, 18.42s
[16:58:52] [SIGTAP] 'alteplase' (cat=MEDICAMENTO): busca restrita a 404 de 4994 procedimentos.
[16:58:52] [TOOL] 'alteplase' (cat=MEDICAMENTO) -> nivel1, score=0.167, confianca=media, painel=False, 3 resultado(s), 0.00s
[16:58:52] [SIGTAP] 'tomografia computadorizada de crânio' (cat=EXAME): busca restrita a 1105 de 4994 procedimentos.
[16:58:52] [TOOL] 'tomografia computadorizada de crânio' (cat=EXAME) -> nivel1, score=1.000, confianca=alta, painel=False, 1 resultado(s), 0.01s
[16:58:52] [SIGTAP] 'angiotomografia de vasos cerebrais' (cat=EXAME): busca restrita a 1105 de 4994 procedimentos.
[16:58:52] [SEMANTICO] 'angiotomografia de vasos cerebrais': 0.916 (limiar 0.8) -> ANGIOGRAFIA CEREBRAL (4 VASOS)
[16:58:52] [TOOL] 'angiotomografia de vasos cerebrais' (cat=EXAME) -> nivel_semantico, score=0.916, confianca=media, painel=False, 1 resultado(s), 0.03s
[16:58:52] [NIVEL0] 'cateter nasal de oxigênio' marcado como não faturável separadamente (materiais_descartaveis).
[16:58:52] [TOOL] 'cateter nasal de oxigênio' (cat=MATERIAL) -> nao_faturavel, 0.00s
[16:58:52] [NIVEL0] 'coagulograma' -> ['tempo de protrombina', 'tempo de tromboplastina parcial ativada']
[16:58:52] [TOOL] 'coagulograma' (cat=EXAME) -> nivel0, score=1.000, confianca=alta, painel=True, 2 resultado(s), 0.05s
[16:58:52] [NIVEL0] 'perfil lipídico' -> ['colesterol total', 'triglicerideos', 'colesterol hdl']
[16:58:52] [TOOL] 'perfil lipídico' (cat=EXAME) -> nivel0, score=1.000, confianca=alta, painel=True, 3 resultado(s), 0.05s
[16:58:52] [SIGTAP] 'Fisioterapia neurológica' (cat=PROCEDIMENTO): busca restrita a 2700 de 4994 procedimentos.
[16:58:52] [SEMANTICO] 'fisioterapia neurologica': 0.821 (limiar 0.8) -> ATENDIMENTO FISIOTERAPÊUTICO NAS DESORDENS DO DESENVOLVIMENT
[16:58:52] [TOOL] 'Fisioterapia neurológica' (cat=PROCEDIMENTO) -> nivel_semantico, score=0.821, confianca=baixa, painel=False, 1 resultado(s), 0.04s
[16:58:52] [NIVEL0] 'Sonda vesical de demora' -> ['cateterismo vesical de demora']
[16:58:52] [TOOL] 'Sonda vesical de demora' (cat=MATERIAL) -> nivel0, score=1.000, confianca=alta, painel=False, 1 resultado(s), 0.02s
[16:58:52] [SIGTAP] 'Doppler transcraniano' (cat=EXAME): busca restrita a 1105 de 4994 procedimentos.
[16:58:53] [SEMANTICO] 'doppler transcraniano': 0.535 (limiar 0.8) -> FOCALIZAÇÃO ISOELÉTRICA DA TRANSFERRINA
[16:58:53] [TOOL] 'Doppler transcraniano' (cat=EXAME) -> nivel3, score=1.000, confianca=media, painel=False, 1 resultado(s), 0.04s
[16:58:53] [SIGTAP] 'insulina regular' (cat=MEDICAMENTO): busca restrita a 404 de 4994 procedimentos.
[16:58:53] [SEMANTICO] 'insulina regular': 0.796 (limiar 0.8) -> INSULINA ANÁLOGA DE AÇÃO PROLONGADA DE 100 UI/ML
[16:58:53] [NIVEL4] ===== Iniciando ciclo para 'insulina regular' (categoria=MEDICAMENTO, teto de 6 tentativas) =====
[16:59:01] [NIVEL4] Tentativa 1: DESISTIR — Insulina regular é um medicamento de uso hospitalar rotineiro e não possui código próprio de procedimento no SIGTAP; medicamentos são faturados apenas quando in
[16:59:01] [NIVEL4] ===== Ciclo de 'insulina regular' encerrado sem correspondência (1 tentativa(s)) =====
[16:59:01] [TOOL] 'insulina regular' (cat=MEDICAMENTO) -> vazio, 8.79s
[16:59:01] [SIGTAP] 'bomba de infusão' (cat=MATERIAL): busca restrita a 540 de 4994 procedimentos.
[16:59:01] [TOOL] 'bomba de infusão' (cat=MATERIAL) -> nivel1, score=0.286, confianca=media, painel=False, 1 resultado(s), 0.00s
[16:59:01] [NIVEL0] 'Reposição volêmica' marcado como não faturável separadamente (procedimentos_embutidos).
[16:59:01] [TOOL] 'Reposição volêmica' (cat=PROCEDIMENTO) -> nao_faturavel, 0.00s
[16:59:01] [NIVEL0] 'solução salina' marcado como não faturável separadamente (medicamentos_uso_hospitalar).
[16:59:01] [TOOL] 'solução salina' (cat=MEDICAMENTO) -> nao_faturavel, 0.00s
[16:59:01] [SIGTAP] 'glicemia capilar' (cat=EXAME): busca restrita a 1105 de 4994 procedimentos.
[16:59:01] [TOOL] 'glicemia capilar' (cat=EXAME) -> nivel1, score=1.000, confianca=alta, painel=False, 1 resultado(s), 0.01s
[16:59:01] [NIVEL0] 'gasometria venosa' -> ['gasometria']
[16:59:01] [TOOL] 'gasometria venosa' (cat=EXAME) -> nivel0, score=1.000, confianca=alta, painel=False, 1 resultado(s), 0.02s
[16:59:01] [NIVEL0] 'cetonemia' -> ['corpos cetonicos']
[16:59:01] [TOOL] 'cetonemia' (cat=EXAME) -> nivel0, score=1.000, confianca=alta, painel=False, 1 resultado(s), 0.01s
[16:59:01] [NIVEL0] 'cloreto de potássio' marcado como não faturável separadamente (medicamentos_uso_hospitalar).
[16:59:01] [TOOL] 'cloreto de potássio' (cat=MEDICAMENTO) -> nao_faturavel, 0.00s
[16:59:01] [SIGTAP] 'eletrocardiograma' (cat=EXAME): busca restrita a 1105 de 4994 procedimentos.
[16:59:01] [TOOL] 'eletrocardiograma' (cat=EXAME) -> nivel1, score=1.000, confianca=alta, painel=False, 3 resultado(s), 0.01s
[16:59:01] [NIVEL0] 'Monitor cardíaco' marcado como não faturável separadamente (procedimentos_embutidos).
[16:59:01] [TOOL] 'Monitor cardíaco' (cat=MATERIAL) -> nao_faturavel, 0.00s
[16:59:01] [SIGTAP] 'hemograma completo' (cat=EXAME): busca restrita a 1105 de 4994 procedimentos.
[16:59:01] [TOOL] 'hemograma completo' (cat=EXAME) -> nivel1, score=1.000, confianca=alta, painel=False, 1 resultado(s), 0.00s
[16:59:01] [SIGTAP] 'ecocardiograma transesofágico' (cat=EXAME): busca restrita a 1105 de 4994 procedimentos.
[16:59:01] [SEMANTICO] 'ecocardiograma transesofagico': 0.908 (limiar 0.8) -> ECOCARDIOGRAFIA TRANSESOFAGICA
[16:59:01] [TOOL] 'ecocardiograma transesofágico' (cat=EXAME) -> nivel_semantico, score=0.908, confianca=media, painel=False, 1 resultado(s), 0.03s
[16:59:01] [NIVEL0] 'cateter de Swan-Ganz' marcado como não faturável separadamente (materiais_descartaveis).
[16:59:01] [TOOL] 'cateter de Swan-Ganz' (cat=MATERIAL) -> nao_faturavel, 0.00s
[16:59:02] [NIVEL0] 'protamina' marcado como não faturável separadamente (medicamentos_uso_hospitalar).
[16:59:02] [TOOL] 'protamina' (cat=MEDICAMENTO) -> nao_faturavel, 0.00s
[16:59:02] [NIVEL0] 'heparina' marcado como não faturável separadamente (medicamentos_uso_hospitalar).
[16:59:02] [TOOL] 'heparina' (cat=MEDICAMENTO) -> nao_faturavel, 0.00s
[16:59:02] [NIVEL0] 'raio-x de tórax' -> ['radiografia de torax']
[16:59:02] [TOOL] 'raio-x de tórax' (cat=EXAME) -> nivel0, score=1.000, confianca=alta, painel=False, 1 resultado(s), 0.02s
[16:59:02] [NIVEL0] 'Drenos mediastinais' marcado como não faturável separadamente (materiais_descartaveis).
[16:59:02] [TOOL] 'Drenos mediastinais' (cat=MATERIAL) -> nao_faturavel, 0.00s
[16:59:02] [SIGTAP] 'Fisioterapia respiratória' (cat=PROCEDIMENTO): busca restrita a 2700 de 4994 procedimentos.
[16:59:02] [SEMANTICO] 'fisioterapia respiratoria': 0.825 (limiar 0.8) -> TRATAMENTO DE OUTRAS DOENCAS DO APARELHO RESPIRATORIO
[16:59:02] [TOOL] 'Fisioterapia respiratória' (cat=PROCEDIMENTO) -> nivel_semantico, score=0.825, confianca=baixa, painel=False, 1 resultado(s), 0.05s
[16:59:02] [SIGTAP] 'troponina' (cat=EXAME): busca restrita a 1105 de 4994 procedimentos.
[16:59:02] [TOOL] 'troponina' (cat=EXAME) -> nivel1, score=0.500, confianca=media, painel=False, 1 resultado(s), 0.01s
[16:59:02] [NIVEL0] 'coagulograma' -> ['tempo de protrombina', 'tempo de tromboplastina parcial ativada']
[16:59:02] [TOOL] 'coagulograma' (cat=EXAME) -> nivel0, score=1.000, confianca=alta, painel=True, 2 resultado(s), 0.04s
[16:59:02] [NIVEL0] 'oseltamivir' marcado como não faturável separadamente (medicamentos_uso_hospitalar).
[16:59:02] [TOOL] 'oseltamivir' (cat=MEDICAMENTO) -> nao_faturavel, 0.00s
[16:59:02] [NIVEL0] 'azitromicina' marcado como não faturável separadamente (medicamentos_uso_hospitalar).
[16:59:02] [TOOL] 'azitromicina' (cat=MEDICAMENTO) -> nao_faturavel, 0.00s
[16:59:02] [SIGTAP] 'ventilação não invasiva' (cat=PROCEDIMENTO): busca restrita a 2700 de 4994 procedimentos.
[16:59:02] [TOOL] 'ventilação não invasiva' (cat=PROCEDIMENTO) -> nivel1, score=0.429, confianca=media, painel=False, 2 resultado(s), 0.01s
[16:59:02] [NIVEL0] 'máscara facial total' marcado como não faturável separadamente (materiais_descartaveis).
[16:59:02] [TOOL] 'máscara facial total' (cat=MATERIAL) -> nao_faturavel, 0.00s
[16:59:02] [SIGTAP] 'painel viral respiratório' (cat=EXAME): busca restrita a 1105 de 4994 procedimentos.
[16:59:02] [SEMANTICO] 'painel viral respiratorio': 0.771 (limiar 0.8) -> PESQUISA DE ANTICORPOS E/OU ANTIGENO DO VIRUS SINCICIAL RESP
[16:59:02] [NIVEL4] ===== Iniciando ciclo para 'painel viral respiratório' (categoria=EXAME, teto de 6 tentativas) =====
[16:59:11] [NIVEL4] Tentativa 1: BUSCAR 'PESQUISA DE VÍRUS RESPIRATÓRIOS' — No SIGTAP exames laboratoriais são descritos com verbos como 'PESQUISA DE' ou 'DETECÇÃO DE'. Substituir 'painel' por 'pesquisa' mantém o sentido clínico de iden
[16:59:11] [SEMANTICO] 'pesquisa de virus respiratorios': 0.836 (limiar 0.8) -> PESQUISA DE ANTICORPOS E/OU ANTIGENO DO VIRUS SINCICIAL RESP
[16:59:11] [NIVEL4]   -> 1 candidato(s) via nivel_semantico: PESQUISA DE ANTICORPOS E/OU ANTIGENO DO VIRUS SINCICIAL RESP
[16:59:19] [NIVEL4] Tentativa 2: BUSCAR 'PESQUISA DE VÍRUS RESPIRATÓRIOS POR PCR' — O termo clínico 'painel viral respiratório' refere-se a um exame multiplex que detecta múltiplos vírus respiratórios, tipicamente realizado por PCR. Substituir 
[16:59:19] [SEMANTICO] 'pesquisa de virus respiratorios por pcr': 0.747 (limiar 0.8) -> PESQUISA DE ANTICORPOS E/OU ANTIGENO DO VIRUS SINCICIAL RESP
[16:59:19] [NIVEL4]   -> nada encontrado para 'PESQUISA DE VÍRUS RESPIRATÓRIOS POR PCR'
[16:59:34] [NIVEL4] Tentativa 3: BUSCAR 'DETECÇÃO DE VÍRUS RESPIRATÓRIOS POR PCR' — O termo clínico 'painel viral respiratório' corresponde a um exame multiplex que detecta múltiplos vírus respiratórios, geralmente por PCR. Substituir 'painel' 
[16:59:34] [SEMANTICO] 'deteccao de virus respiratorios por pcr': 0.718 (limiar 0.8) -> PESQUISA DE ANTICORPOS E/OU ANTIGENO DO VIRUS SINCICIAL RESP
[16:59:34] [NIVEL4]   -> nada encontrado para 'DETECÇÃO DE VÍRUS RESPIRATÓRIOS POR PCR'
[16:59:45] [NIVEL4] Tentativa 4: DESISTIR — Não há código específico no SIGTAP para um 'painel viral respiratório' ou exame multiplex; o SIGTAP lista apenas testes individuais para cada vírus. Como nenhum
[16:59:45] [NIVEL4] ===== Ciclo de 'painel viral respiratório' encerrado sem correspondência (4 tentativa(s)) =====
[16:59:45] [TOOL] 'painel viral respiratório' (cat=EXAME) -> vazio, 42.86s
[16:59:45] [NIVEL0] 'raio-x de tórax' -> ['radiografia de torax']
[16:59:45] [TOOL] 'raio-x de tórax' (cat=EXAME) -> nivel0, score=1.000, confianca=alta, painel=False, 1 resultado(s), 0.01s
[16:59:45] [NIVEL0] 'tomografia de tórax' -> ['tomografia computadorizada de torax']
[16:59:45] [TOOL] 'tomografia de tórax' (cat=EXAME) -> nivel0, score=1.000, confianca=alta, painel=False, 1 resultado(s), 0.01s
[16:59:45] [SIGTAP] 'metilprednisolona' (cat=MEDICAMENTO): busca restrita a 404 de 4994 procedimentos.
[16:59:45] [TOOL] 'metilprednisolona' (cat=MEDICAMENTO) -> nivel1, score=0.200, confianca=media, painel=False, 3 resultado(s), 0.00s
[16:59:45] [SIGTAP] 'Fisioterapia respiratória' (cat=PROCEDIMENTO): busca restrita a 2700 de 4994 procedimentos.
[16:59:45] [SEMANTICO] 'fisioterapia respiratoria': 0.825 (limiar 0.8) -> TRATAMENTO DE OUTRAS DOENCAS DO APARELHO RESPIRATORIO
[16:59:45] [TOOL] 'Fisioterapia respiratória' (cat=PROCEDIMENTO) -> nivel_semantico, score=0.825, confianca=baixa, painel=False, 1 resultado(s), 0.04s
[16:59:45] [SIGTAP] 'nebulização' (cat=PROCEDIMENTO): busca restrita a 2700 de 4994 procedimentos.
[16:59:45] [TOOL] 'nebulização' (cat=PROCEDIMENTO) -> nivel1, score=0.500, confianca=media, painel=False, 1 resultado(s), 0.01s
[16:59:45] [SIGTAP] 'broncodilatador' (cat=MEDICAMENTO): busca restrita a 404 de 4994 procedimentos.
[16:59:45] [SEMANTICO] 'broncodilatador': 0.599 (limiar 0.8) -> BROMOCRIPTINA 2,5 MG (POR COMPRIMIDO)
[16:59:45] [NIVEL4] ===== Iniciando ciclo para 'broncodilatador' (categoria=MEDICAMENTO, teto de 6 tentativas) =====
[16:59:45] [NIVEL4] Tentativa 1: DESISTIR — Broncodilatador é um medicamento de uso hospitalar rotineiro; no SIGTAP não há códigos de procedimento específicos para fármacos, que são faturados apenas como 
[16:59:45] [NIVEL4] ===== Ciclo de 'broncodilatador' encerrado sem correspondência (1 tentativa(s)) =====
[16:59:45] [TOOL] 'broncodilatador' (cat=MEDICAMENTO) -> vazio, 0.61s
[16:59:45] [SIGTAP] 'lactato' (cat=EXAME): busca restrita a 1105 de 4994 procedimentos.
[16:59:45] [TOOL] 'lactato' (cat=EXAME) -> nivel1, score=0.500, confianca=media, painel=False, 2 resultado(s), 0.01s
[16:59:45] [NIVEL0] 'gasometria arterial' -> ['gasometria']
[16:59:45] [TOOL] 'gasometria arterial' (cat=EXAME) -> nivel0, score=1.000, confianca=alta, painel=False, 1 resultado(s), 0.02s
[10:43:10] [SIGTAP] Conectando ao Postgres em localhost:5432/sigtap (timeout=5s)...
[10:43:11] [SIGTAP] Tabela carregada: 4994 procedimentos, 9 grupos, em 0.8s.
[10:43:11] [NIVEL0] Dicionário carregado: 31 sinônimo(s), 21 termo(s) não faturável(is).
[10:43:57] [SIGTAP] Iniciando servidor MCP...
[10:43:57] [NIVEL0] Dicionário carregado: 31 sinônimo(s), 21 termo(s) não faturável(is).
[10:43:57] [SIGTAP] Conectando ao Postgres em localhost:5432/sigtap (timeout=5s)...
[10:43:57] [SIGTAP] Tabela carregada: 4994 procedimentos, 9 grupos, em 0.5s.
[10:43:57] [SEMANTICO] Cache reaproveitado (4994 linhas).
[10:43:57] [SEMANTICO] Carregando modelo 'paraphrase-multilingual-MiniLM-L12-v2' (HF_HUB_OFFLINE=1)...
[10:44:17] [SEMANTICO] Modelo carregado em 19.5s.
[10:44:17] [AQUECIMENTO] Primeiro encode em 0.2s.
[10:44:17] [AQUECIMENTO] Concluído em 20.3s — as buscas já respondem sem atraso inicial.
[10:44:17] [SIGTAP] Nível 4 (agente): ATIVO, teto de 6 tentativas por termo.
[10:44:17] [SIGTAP] Pronto, aguardando conexão via stdio...
[10:44:17] [NIVEL0] 'intubação orotraqueal' marcado como não faturável separadamente (procedimentos_embutidos).
[10:44:17] [TOOL] 'intubação orotraqueal' (cat=PROCEDIMENTO) -> nao_faturavel, 0.00s
[10:44:17] [SIGTAP] 'ventilação mecânica invasiva' (cat=PROCEDIMENTO): busca restrita a 2700 de 4994 procedimentos.
[10:44:17] [TOOL] 'ventilação mecânica invasiva' (cat=PROCEDIMENTO) -> nivel1, score=0.333, confianca=media, painel=False, 1 resultado(s), 0.04s
[10:44:17] [SIGTAP] 'midazolam' (cat=MEDICAMENTO): busca restrita a 404 de 4994 procedimentos.
[10:44:17] [SEMANTICO] 'midazolam': 0.651 (limiar 0.8) -> ABCIXIMABE
[10:44:17] [NIVEL4] Agente usando API (groq): openai/gpt-oss-120b
[10:44:23] [NIVEL4] ===== Iniciando ciclo para 'midazolam' (categoria=MEDICAMENTO, teto de 6 tentativas) =====
[10:44:25] [NIVEL4] Tentativa 1: DESISTIR — midazolam é um medicamento de uso hospitalar rotineiro e não possui código próprio no SIGTAP; a administração de fármacos costuma estar incluída em procedimento
[10:44:25] [NIVEL4] ===== Ciclo de 'midazolam' encerrado sem correspondência (1 tentativa(s)) =====
[10:44:25] [TOOL] 'midazolam' (cat=MEDICAMENTO) -> vazio, 7.87s
[10:44:25] [SIGTAP] 'fentanil' (cat=MEDICAMENTO): busca restrita a 404 de 4994 procedimentos.
[10:44:25] [SEMANTICO] 'fentanil': 0.667 (limiar 0.8) -> MORFINA  DE LIBERACAO CONTROLADA 60 MG (POR CAPSULA)
[10:44:25] [NIVEL4] ===== Iniciando ciclo para 'fentanil' (categoria=MEDICAMENTO, teto de 6 tentativas) =====
[10:44:26] [NIVEL4] Tentativa 1: DESISTIR — Fentanil é um medicamento de uso hospitalar que não possui código próprio no SIGTAP; sua administração é faturada dentro de procedimentos de anestesia ou analge
[10:44:26] [NIVEL4] ===== Ciclo de 'fentanil' encerrado sem correspondência (1 tentativa(s)) =====
[10:44:26] [TOOL] 'fentanil' (cat=MEDICAMENTO) -> vazio, 0.96s
[10:44:26] [NIVEL0] 'sedoanalgesia' -> ['sedacao']
[10:44:26] [TOOL] 'sedoanalgesia' (cat=PROCEDIMENTO) -> nivel0, score=1.000, confianca=alta, painel=False, 1 resultado(s), 0.02s
[10:44:26] [SIGTAP] 'hemograma completo' (cat=EXAME): busca restrita a 1105 de 4994 procedimentos.
[10:44:26] [TOOL] 'hemograma completo' (cat=EXAME) -> nivel1, score=1.000, confianca=alta, painel=False, 1 resultado(s), 0.01s
[10:44:26] [SIGTAP] 'hemocultura' (cat=EXAME): busca restrita a 1105 de 4994 procedimentos.
[10:44:26] [TOOL] 'hemocultura' (cat=EXAME) -> nivel1, score=1.000, confianca=alta, painel=False, 1 resultado(s), 0.05s
[10:44:26] [SIGTAP] 'piperacilina-tazobactam' (cat=MEDICAMENTO): busca restrita a 404 de 4994 procedimentos.
[10:44:26] [SEMANTICO] 'piperacilina tazobactam': 0.661 (limiar 0.8) -> TAFAMIDIS 61 MG (POR CÁPSULA)
[10:44:26] [NIVEL4] ===== Iniciando ciclo para 'piperacilina-tazobactam' (categoria=MEDICAMENTO, teto de 6 tentativas) =====
[10:44:27] [NIVEL4] Tentativa 1: DESISTIR — piperacilina‑tazobactam é um antibiótico de uso hospitalar que não possui código próprio no SIGTAP; medicamentos de rotina são faturados como parte de procedime
[10:44:27] [NIVEL4] ===== Ciclo de 'piperacilina-tazobactam' encerrado sem correspondência (1 tentativa(s)) =====
[10:44:27] [TOOL] 'piperacilina-tazobactam' (cat=MEDICAMENTO) -> vazio, 1.08s
[10:44:27] [NIVEL0] 'raio-x de tórax' -> ['radiografia de torax']
[10:44:27] [TOOL] 'raio-x de tórax' (cat=EXAME) -> nivel0, score=1.000, confianca=alta, painel=False, 1 resultado(s), 0.02s
[10:44:27] [SIGTAP] 'Cateter venoso central' (cat=MATERIAL): busca restrita a 540 de 4994 procedimentos.
[10:44:27] [TOOL] 'Cateter venoso central' (cat=MATERIAL) -> nivel1, score=0.600, confianca=alta, painel=False, 4 resultado(s), 0.01s
[10:44:27] [SIGTAP] 'eletrocardiograma' (cat=EXAME): busca restrita a 1105 de 4994 procedimentos.
[10:44:27] [TOOL] 'eletrocardiograma' (cat=EXAME) -> nivel1, score=1.000, confianca=alta, painel=False, 3 resultado(s), 0.01s
[10:44:27] [NIVEL0] 'monitor cardíaco' marcado como não faturável separadamente (procedimentos_embutidos).
[10:44:27] [TOOL] 'monitor cardíaco' (cat=MATERIAL) -> nao_faturavel, 0.00s
[10:44:28] [SIGTAP] 'troponina' (cat=EXAME): busca restrita a 1105 de 4994 procedimentos.
[10:44:28] [TOOL] 'troponina' (cat=EXAME) -> nivel1, score=0.500, confianca=media, painel=False, 1 resultado(s), 0.01s
[10:44:28] [NIVEL0] 'CK-MB' -> ['creatinofosfoquinase fracao mb']
[10:44:28] [TOOL] 'CK-MB' (cat=EXAME) -> nivel0, score=1.000, confianca=alta, painel=False, 1 resultado(s), 0.03s
[10:44:28] [NIVEL0] 'gasometria arterial' -> ['gasometria']
[10:44:28] [TOOL] 'gasometria arterial' (cat=EXAME) -> nivel0, score=1.000, confianca=alta, painel=False, 1 resultado(s), 0.03s
[10:44:28] [NIVEL0] 'adrenalina' marcado como não faturável separadamente (medicamentos_uso_hospitalar).
[10:44:28] [TOOL] 'adrenalina' (cat=MEDICAMENTO) -> nao_faturavel, 0.00s
[10:44:28] [SIGTAP] 'ecocardiograma à beira leito' (cat=EXAME): busca restrita a 1105 de 4994 procedimentos.
[10:44:28] [SEMANTICO] 'ecocardiograma a beira leito': 0.844 (limiar 0.8) -> ECOCARDIOGRAFIA TRANSTORACICA
[10:44:28] [TOOL] 'ecocardiograma à beira leito' (cat=EXAME) -> nivel_semantico, score=0.844, confianca=baixa, painel=False, 1 resultado(s), 0.07s
[10:44:28] [NIVEL0] 'noradrenalina' marcado como não faturável separadamente (medicamentos_uso_hospitalar).
[10:44:28] [TOOL] 'noradrenalina' (cat=MEDICAMENTO) -> nao_faturavel, 0.00s
[10:44:28] [NIVEL0] 'Sondagem vesical de demora' -> ['cateterismo vesical de demora']
[10:44:28] [TOOL] 'Sondagem vesical de demora' (cat=MATERIAL) -> nivel0, score=1.000, confianca=alta, painel=False, 1 resultado(s), 0.04s
[10:44:28] [SIGTAP] 'tomografia computadorizada de crânio' (cat=EXAME): busca restrita a 1105 de 4994 procedimentos.
[10:44:28] [TOOL] 'tomografia computadorizada de crânio' (cat=EXAME) -> nivel1, score=1.000, confianca=alta, painel=False, 1 resultado(s), 0.01s
[10:44:28] [SIGTAP] 'laparotomia exploradora' (cat=PROCEDIMENTO): busca restrita a 2700 de 4994 procedimentos.
[10:44:28] [TOOL] 'laparotomia exploradora' (cat=PROCEDIMENTO) -> nivel1, score=1.000, confianca=alta, painel=False, 2 resultado(s), 0.02s
[10:44:28] [SIGTAP] 'drenagem de abscesso' (cat=PROCEDIMENTO): busca restrita a 2700 de 4994 procedimentos.
[10:44:28] [TOOL] 'drenagem de abscesso' (cat=PROCEDIMENTO) -> nivel1, score=1.000, confianca=alta, painel=False, 18 resultado(s), 0.02s
[10:44:28] [NIVEL0] 'vancomicina' marcado como não faturável separadamente (medicamentos_uso_hospitalar).
[10:44:28] [TOOL] 'vancomicina' (cat=MEDICAMENTO) -> nao_faturavel, 0.00s
[10:44:28] [SIGTAP] 'lactato' (cat=EXAME): busca restrita a 1105 de 4994 procedimentos.
[10:44:28] [TOOL] 'lactato' (cat=EXAME) -> nivel1, score=0.500, confianca=media, painel=False, 2 resultado(s), 0.01s
[10:44:28] [NIVEL0] 'PCR' -> ['proteina c reativa']
[10:44:28] [TOOL] 'PCR' (cat=EXAME) -> nivel0, score=1.000, confianca=alta, painel=False, 1 resultado(s), 0.03s
[10:44:28] [SIGTAP] 'procalcitonina' (cat=EXAME): busca restrita a 1105 de 4994 procedimentos.
[10:44:28] [SEMANTICO] 'procalcitonina': 0.705 (limiar 0.8) -> DOSAGEM DE PROLACTINA
[10:44:28] [NIVEL4] ===== Iniciando ciclo para 'procalcitonina' (categoria=EXAME, teto de 6 tentativas) =====
[10:44:29] [NIVEL4] Tentativa 1: BUSCAR 'DOSAGEM DE PROCALCITONINA' — No SIGTAP exames laboratoriais costumam iniciar com 'DOSAGEM DE'. O termo clínico 'procalcitonina' corresponde ao exame de dosagem desse marcador, que no cadast
[10:44:29] [SEMANTICO] 'dosagem de procalcitonina': 0.858 (limiar 0.8) -> DOSAGEM DE PROLACTINA
[10:44:29] [NIVEL4]   -> 1 candidato(s) via nivel_semantico: DOSAGEM DE PROLACTINA
[10:44:30] [NIVEL4] Tentativa 2: BUSCAR 'DETERMINAÇÃO DE PROCALCITONINA' — Exames laboratoriais podem ser cadastrados como 'DETERMINAÇÃO DE' ao invés de 'DOSAGEM DE'. O marcador clínico 'procalcitonina' provavelmente aparece no SIGTAP 
[10:44:30] [SEMANTICO] 'determinacao de procalcitonina': 0.754 (limiar 0.8) -> PROVA DE CONSUMO DE PROTROMBINA
[10:44:30] [NIVEL4]   -> nada encontrado para 'DETERMINAÇÃO DE PROCALCITONINA'
[10:44:31] [NIVEL4] Tentativa 3: BUSCAR 'PESQUISA DE PROCALCITONINA' — Alguns exames laboratoriais no SIGTAP são cadastrados com o verbo 'PESQUISA DE' em vez de 'DOSAGEM DE'. O marcador clínico 'procalcitonina' pode estar listado c
[10:44:32] [SEMANTICO] 'pesquisa de procalcitonina': 0.737 (limiar 0.8) -> PROVA DE CONSUMO DE PROTROMBINA
[10:44:32] [NIVEL4]   -> nada encontrado para 'PESQUISA DE PROCALCITONINA'
[10:44:33] [NIVEL4] Tentativa 4: BUSCAR 'NÍVEL SÉRICO DE PROCALCITONINA' — Exames laboratoriais que medem marcadores podem ser cadastrados como 'NÍVEL SÉRICO DE ...'. O teste de procalcitonina pode aparecer no SIGTAP sob esse termo adm
[10:44:33] [SEMANTICO] 'nivel serico de procalcitonina': 0.734 (limiar 0.8) -> DOSAGEM DE PROLACTINA
[10:44:33] [NIVEL4]   -> nada encontrado para 'NÍVEL SÉRICO DE PROCALCITONINA'
[10:44:34] [NIVEL4] Tentativa 5: DESISTIR — Nenhum termo administrativo encontrado nas buscas indica que exista código próprio no SIGTAP para o exame de procalcitonina; provavelmente o marcador não é fatu
[10:44:34] [NIVEL4] ===== Ciclo de 'procalcitonina' encerrado sem correspondência (5 tentativa(s)) =====
[10:44:34] [TOOL] 'procalcitonina' (cat=EXAME) -> vazio, 5.99s
[10:44:34] [NIVEL0] 'ultrassom abdominal' -> ['ultrassonografia de abdomen total']
[10:44:34] [TOOL] 'ultrassom abdominal' (cat=EXAME) -> nivel0, score=1.000, confianca=alta, painel=False, 1 resultado(s), 0.03s
[10:44:34] [SIGTAP] 'cateter arterial' (cat=MATERIAL): busca restrita a 540 de 4994 procedimentos.
[10:44:34] [TOOL] 'cateter arterial' (cat=MATERIAL) -> nivel1, score=0.400, confianca=media, painel=False, 1 resultado(s), 0.00s
[10:44:34] [SIGTAP] 'Hemotransfusão' (cat=PROCEDIMENTO): busca restrita a 2700 de 4994 procedimentos.
[10:44:34] [SEMANTICO] 'hemotransfusao': 0.839 (limiar 0.8) -> HEMOFILTRAÇÃO
[10:44:34] [TOOL] 'Hemotransfusão' (cat=PROCEDIMENTO) -> nivel_semantico, score=0.839, confianca=baixa, painel=False, 1 resultado(s), 0.07s
[10:44:34] [SIGTAP] 'curativo' (cat=PROCEDIMENTO): busca restrita a 2700 de 4994 procedimentos.
[10:44:34] [TOOL] 'curativo' (cat=PROCEDIMENTO) -> nivel1, score=0.500, confianca=media, painel=False, 8 resultado(s), 0.02s
[10:44:34] [NIVEL0] 'dreno abdominal' marcado como não faturável separadamente (materiais_descartaveis).
[10:44:34] [TOOL] 'dreno abdominal' (cat=MATERIAL) -> nao_faturavel, 0.00s
[10:44:34] [NIVEL0] 'manitol' marcado como não faturável separadamente (medicamentos_uso_hospitalar).
[10:44:34] [TOOL] 'manitol' (cat=MEDICAMENTO) -> nao_faturavel, 0.00s
[10:44:34] [SIGTAP] 'dexametasona' (cat=MEDICAMENTO): busca restrita a 404 de 4994 procedimentos.
[10:44:34] [SEMANTICO] 'dexametasona': 0.504 (limiar 0.8) -> CLORIDRATO DE TIROFIBANA
[10:44:34] [NIVEL4] ===== Iniciando ciclo para 'dexametasona' (categoria=MEDICAMENTO, teto de 6 tentativas) =====
[10:44:35] [NIVEL4] Tentativa 1: DESISTIR — Dexametasona é um medicamento de uso hospitalar rotineiro e não possui código próprio no SIGTAP; medicamentos são faturados apenas quando incluídos em procedime
[10:44:35] [NIVEL4] ===== Ciclo de 'dexametasona' encerrado sem correspondência (1 tentativa(s)) =====
[10:44:35] [TOOL] 'dexametasona' (cat=MEDICAMENTO) -> vazio, 1.05s
[10:44:35] [SIGTAP] 'Fisioterapia motora' (cat=PROCEDIMENTO): busca restrita a 2700 de 4994 procedimentos.
[10:44:35] [SEMANTICO] 'fisioterapia motora': 0.833 (limiar 0.8) -> ATENDIMENTO FISIOTERAPÊUTICO NAS ALTERAÇÕES MOTORAS
[10:44:35] [TOOL] 'Fisioterapia motora' (cat=PROCEDIMENTO) -> nivel_semantico, score=0.833, confianca=baixa, painel=False, 1 resultado(s), 0.08s
[10:44:35] [NIVEL0] 'líquido cefalorraquidiano' -> ['celulas no liquor']
[10:44:35] [TOOL] 'líquido cefalorraquidiano' (cat=EXAME) -> nivel0, score=1.000, confianca=alta, painel=False, 1 resultado(s), 0.04s
[10:44:35] [SIGTAP] 'eletroencefalograma' (cat=EXAME): busca restrita a 1105 de 4994 procedimentos.
[10:44:35] [TOOL] 'eletroencefalograma' (cat=EXAME) -> nivel1, score=0.250, confianca=media, painel=False, 5 resultado(s), 0.01s
[10:44:35] [NIVEL0] 'Sonda nasoenteral' marcado como não faturável separadamente (materiais_descartaveis).
[10:44:35] [TOOL] 'Sonda nasoenteral' (cat=MATERIAL) -> nao_faturavel, 0.00s
[10:44:35] [SIGTAP] 'hemodiálise' (cat=PROCEDIMENTO): busca restrita a 2700 de 4994 procedimentos.
[10:44:35] [TOOL] 'hemodiálise' (cat=PROCEDIMENTO) -> nivel1, score=0.500, confianca=media, painel=False, 10 resultado(s), 0.03s
[10:44:35] [SIGTAP] 'cateter de duplo lúmen' (cat=MATERIAL): busca restrita a 540 de 4994 procedimentos.
[10:44:35] [TOOL] 'cateter de duplo lúmen' (cat=MATERIAL) -> nivel1, score=0.600, confianca=alta, painel=False, 4 resultado(s), 0.01s
[10:44:36] [SIGTAP] 'ureia' (cat=EXAME): busca restrita a 1105 de 4994 procedimentos.
[10:44:36] [TOOL] 'ureia' (cat=EXAME) -> nivel1, score=0.500, confianca=media, painel=False, 2 resultado(s), 0.01s
[10:44:36] [SIGTAP] 'creatinina' (cat=EXAME): busca restrita a 1105 de 4994 procedimentos.
[10:44:36] [TOOL] 'creatinina' (cat=EXAME) -> nivel1, score=0.500, confianca=media, painel=False, 3 resultado(s), 0.01s
[10:44:36] [NIVEL0] 'bicarbonato de sódio' marcado como não faturável separadamente (medicamentos_uso_hospitalar).
[10:44:36] [TOOL] 'bicarbonato de sódio' (cat=MEDICAMENTO) -> nao_faturavel, 0.00s
[10:44:36] [NIVEL0] 'ultrassom renal' -> ['ultrassonografia de aparelho urinario']
[10:44:36] [TOOL] 'ultrassom renal' (cat=EXAME) -> nivel0, score=1.000, confianca=alta, painel=False, 1 resultado(s), 0.03s
[10:44:36] [SIGTAP] 'albumina humana' (cat=MEDICAMENTO): busca restrita a 404 de 4994 procedimentos.
[10:44:36] [TOOL] 'albumina humana' (cat=MEDICAMENTO) -> nivel1, score=0.286, confianca=media, painel=False, 1 resultado(s), 0.01s
[10:44:36] [SIGTAP] 'curativo' (cat=PROCEDIMENTO): busca restrita a 2700 de 4994 procedimentos.
[10:44:36] [TOOL] 'curativo' (cat=PROCEDIMENTO) -> nivel1, score=0.500, confianca=media, painel=False, 8 resultado(s), 0.02s
[10:44:36] [NIVEL0] 'sulfadiazina de prata' marcado como não faturável separadamente (medicamentos_uso_hospitalar).
[10:44:36] [TOOL] 'sulfadiazina de prata' (cat=MEDICAMENTO) -> nao_faturavel, 0.00s
[10:44:36] [SIGTAP] 'morfina' (cat=MEDICAMENTO): busca restrita a 404 de 4994 procedimentos.
[10:44:36] [TOOL] 'morfina' (cat=MEDICAMENTO) -> nivel1, score=0.333, confianca=media, painel=False, 7 resultado(s), 0.01s
[10:44:36] [SIGTAP] 'cultura de ferida' (cat=EXAME): busca restrita a 1105 de 4994 procedimentos.
[10:44:36] [SEMANTICO] 'cultura de ferida': 0.492 (limiar 0.8) -> ARTROGRAFIA
[10:44:36] [NIVEL4] ===== Iniciando ciclo para 'cultura de ferida' (categoria=EXAME, teto de 6 tentativas) =====
[10:44:43] [NIVEL4] Tentativa 1: BUSCAR 'cultura de material de ferida' — no SIGTAP o procedimento costuma ser descrito como "CULTURA DE MATERIAL DE FERIDA", usando a palavra 'material' para indicar a amostra coletada da lesão
[10:44:43] [SEMANTICO] 'cultura de material de ferida': 0.535 (limiar 0.8) -> ARTROGRAFIA
[10:44:43] [NIVEL4]   -> nada encontrado para 'cultura de material de ferida'
[10:44:53] [NIVEL4] Tentativa 2: DESISTIR — não há código específico no SIGTAP para 'cultura de ferida'; esse ato costuma ser incluído em outros procedimentos ou não é faturável separadamente
[10:44:53] [NIVEL4] ===== Ciclo de 'cultura de ferida' encerrado sem correspondência (2 tentativa(s)) =====
[10:44:53] [TOOL] 'cultura de ferida' (cat=EXAME) -> vazio, 16.86s
[10:44:53] [SIGTAP] 'swab de queimadura' (cat=EXAME): busca restrita a 1105 de 4994 procedimentos.
[10:44:53] [SEMANTICO] 'swab de queimadura': 0.514 (limiar 0.8) -> PREPARO DE COMPONENTES LAVADOS
[10:44:53] [NIVEL4] ===== Iniciando ciclo para 'swab de queimadura' (categoria=EXAME, teto de 6 tentativas) =====
[10:45:00] [NIVEL4] Tentativa 1: BUSCAR 'COLETA DE MATERIAL PARA CULTURA DE FERIDA DE QUEIMADURA' — No SIGTAP exames laboratoriais são registrados como 'COLETA DE MATERIAL...'; o swab de queimadura corresponde à coleta de amostra da lesão para cultura, portant
[10:45:00] [SEMANTICO] 'coleta de material para cultura de ferida de queimadura': 0.506 (limiar 0.8) -> ARTROGRAFIA
[10:45:00] [NIVEL4]   -> nada encontrado para 'COLETA DE MATERIAL PARA CULTURA DE FERIDA DE QUEIMADURA'
[10:45:13] [NIVEL4] Tentativa 2: BUSCAR 'COLETA DE MATERIAL PARA CULTURA DE FERIDA' — O SIGTAP costuma usar termos genéricos para coleta de amostras de lesões; ao remover a especificação 'queimadura' aumenta a chance de encontrar o código de cole
[10:45:13] [SEMANTICO] 'coleta de material para cultura de ferida': 0.549 (limiar 0.8) -> ARTROGRAFIA
[10:45:13] [NIVEL4]   -> nada encontrado para 'COLETA DE MATERIAL PARA CULTURA DE FERIDA'
[10:45:20] [NIVEL4] Tentativa 3: BUSCAR 'COLETA DE MATERIAL PARA CULTURA DE LESÃO' — O SIGTAP costuma usar termos genéricos como 'LESÃO' em vez de 'FERIDA' ou 'QUEIMADURA'; ao buscar por coleta de material para cultura de lesão aumenta a chance 
[10:45:20] [NIVEL4]   -> 4 candidato(s) via nivel2: COLETA DE MATERIAL PARA EXAME LABORATORIAL
[10:45:35] [NIVEL4] Tentativa 4: ACEITAR índice 0 -> COLETA DE MATERIAL PARA EXAME LABORATORIAL (02.01.02.004-1) — O código 'COLETA DE MATERIAL PARA EXAME LABORATORIAL' é genérico e abrange a coleta de amostra de lesão (como swab de queimadura) para envio ao laboratório; não
[10:45:35] [NIVEL4] ===== Ciclo de 'swab de queimadura' resolvido em 4 tentativa(s) =====
[10:45:35] [TOOL] 'swab de queimadura' (cat=EXAME) -> nivel4, score=4.000, confianca=baixa, painel=False, 1 resultado(s), 42.70s
[10:45:35] [SIGTAP] 'enxertia de pele' (cat=PROCEDIMENTO): busca restrita a 2700 de 4994 procedimentos.
[10:45:35] [TOOL] 'enxertia de pele' (cat=PROCEDIMENTO) -> nivel2, score=0.591, confianca=media, painel=False, 2 resultado(s), 0.04s
[10:45:35] [NIVEL0] 'proteína C reativa' -> ['proteina c reativa']
[10:45:35] [TOOL] 'proteína C reativa' (cat=EXAME) -> nivel0, score=1.000, confianca=alta, painel=False, 1 resultado(s), 0.03s
[10:45:35] [SIGTAP] 'albumina sérica' (cat=EXAME): busca restrita a 1105 de 4994 procedimentos.
[10:45:35] [SEMANTICO] 'albumina serica': 0.580 (limiar 0.8) -> FUNDOSCOPIA
[10:45:36] [NIVEL4] ===== Iniciando ciclo para 'albumina sérica' (categoria=EXAME, teto de 6 tentativas) =====
[10:45:38] [NIVEL4] Tentativa 1: BUSCAR 'DOSAGEM DE ALBUMINA SÉRICA' — No SIGTAP exames laboratoriais costumam iniciar com 'DOSAGEM DE'. O termo clínico 'albumina sérica' corresponde ao procedimento administrativo 'DOSAGEM DE ALBUM
[10:45:38] [SEMANTICO] 'dosagem de albumina serica': 0.758 (limiar 0.8) -> DOSAGEM DE ACETONA
[10:45:38] [NIVEL4]   -> nada encontrado para 'DOSAGEM DE ALBUMINA SÉRICA'
[10:45:47] [NIVEL4] Tentativa 2: BUSCAR 'PROTEÍNAS SÉRICAS - ALBUMINA' — No SIGTAP exames laboratoriais de proteínas podem estar catalogados sob a família "PROTEÍNAS SÉRICAS", com subitens como "ALBUMINA". Usar o termo "PROTEÍNAS SÉR
[10:45:47] [SEMANTICO] 'proteinas sericas   albumina': 0.699 (limiar 0.8) -> ELETROFORESE DE PROTEINAS
[10:45:47] [NIVEL4]   -> nada encontrado para 'PROTEÍNAS SÉRICAS - ALBUMINA'
[10:46:01] [NIVEL4] Tentativa 3: BUSCAR 'ALBUMINA TOTAL' — Alguns itens laboratoriais são registrados no SIGTAP pelo nome do analito completo, como "ALBUMINA TOTAL". Essa formulação difere das palavras usadas até agora 
[10:46:01] [SEMANTICO] 'albumina total': 0.476 (limiar 0.8) -> DOSAGEM DE ACETONA
[10:46:01] [NIVEL4]   -> nada encontrado para 'ALBUMINA TOTAL'
[10:46:13] [NIVEL4] Tentativa 4: DESISTIR — Após múltiplas tentativas com variações de termos (albumina serica, dosagem de albumina serica, proteínas sericas albumina, albumina total, etc.) não foi locali
[10:46:13] [NIVEL4] ===== Ciclo de 'albumina sérica' encerrado sem correspondência (4 tentativa(s)) =====
[10:46:13] [TOOL] 'albumina sérica' (cat=EXAME) -> vazio, 37.50s
[10:46:13] [SIGTAP] 'alteplase' (cat=MEDICAMENTO): busca restrita a 404 de 4994 procedimentos.
[10:46:13] [TOOL] 'alteplase' (cat=MEDICAMENTO) -> nivel1, score=0.167, confianca=media, painel=False, 3 resultado(s), 0.01s
[10:46:13] [SIGTAP] 'tomografia computadorizada de crânio' (cat=EXAME): busca restrita a 1105 de 4994 procedimentos.
[10:46:13] [TOOL] 'tomografia computadorizada de crânio' (cat=EXAME) -> nivel1, score=1.000, confianca=alta, painel=False, 1 resultado(s), 0.01s
[10:46:13] [SIGTAP] 'angiotomografia de vasos cerebrais' (cat=EXAME): busca restrita a 1105 de 4994 procedimentos.
[10:46:13] [SEMANTICO] 'angiotomografia de vasos cerebrais': 0.916 (limiar 0.8) -> ANGIOGRAFIA CEREBRAL (4 VASOS)
[10:46:13] [TOOL] 'angiotomografia de vasos cerebrais' (cat=EXAME) -> nivel_semantico, score=0.916, confianca=media, painel=False, 1 resultado(s), 0.08s
[10:46:13] [NIVEL0] 'cateter nasal de oxigênio' marcado como não faturável separadamente (materiais_descartaveis).
[10:46:13] [TOOL] 'cateter nasal de oxigênio' (cat=MATERIAL) -> nao_faturavel, 0.00s
[10:46:13] [NIVEL0] 'coagulograma' -> ['tempo de protrombina', 'tempo de tromboplastina parcial ativada']
[10:46:13] [TOOL] 'coagulograma' (cat=EXAME) -> nivel0, score=1.000, confianca=alta, painel=True, 2 resultado(s), 0.05s
[10:46:13] [NIVEL0] 'perfil lipídico' -> ['colesterol total', 'triglicerideos', 'colesterol hdl']
[10:46:13] [TOOL] 'perfil lipídico' (cat=EXAME) -> nivel0, score=1.000, confianca=alta, painel=True, 3 resultado(s), 0.09s
[10:46:13] [SIGTAP] 'Fisioterapia neurológica' (cat=PROCEDIMENTO): busca restrita a 2700 de 4994 procedimentos.
[10:46:13] [SEMANTICO] 'fisioterapia neurologica': 0.821 (limiar 0.8) -> ATENDIMENTO FISIOTERAPÊUTICO NAS DESORDENS DO DESENVOLVIMENT
[10:46:13] [TOOL] 'Fisioterapia neurológica' (cat=PROCEDIMENTO) -> nivel_semantico, score=0.821, confianca=baixa, painel=False, 1 resultado(s), 0.08s
[10:46:13] [NIVEL0] 'Sonda vesical de demora' -> ['cateterismo vesical de demora']
[10:46:13] [TOOL] 'Sonda vesical de demora' (cat=MATERIAL) -> nivel0, score=1.000, confianca=alta, painel=False, 1 resultado(s), 0.04s
[10:46:13] [SIGTAP] 'Doppler transcraniano' (cat=EXAME): busca restrita a 1105 de 4994 procedimentos.
[10:46:13] [SEMANTICO] 'doppler transcraniano': 0.535 (limiar 0.8) -> FOCALIZAÇÃO ISOELÉTRICA DA TRANSFERRINA
[10:46:13] [TOOL] 'Doppler transcraniano' (cat=EXAME) -> nivel3, score=1.000, confianca=media, painel=False, 1 resultado(s), 0.06s
[10:46:14] [SIGTAP] 'insulina regular' (cat=MEDICAMENTO): busca restrita a 404 de 4994 procedimentos.
[10:46:14] [SEMANTICO] 'insulina regular': 0.796 (limiar 0.8) -> INSULINA ANÁLOGA DE AÇÃO PROLONGADA DE 100 UI/ML
[10:46:14] [NIVEL4] ===== Iniciando ciclo para 'insulina regular' (categoria=MEDICAMENTO, teto de 6 tentativas) =====
[10:46:23] [NIVEL4] Tentativa 1: DESISTIR — Insulina regular é um medicamento de uso hospitalar rotineiro e não possui código próprio no SIGTAP; sua administração é incluída nos procedimentos de tratament
[10:46:23] [NIVEL4] ===== Ciclo de 'insulina regular' encerrado sem correspondência (1 tentativa(s)) =====
[10:46:23] [TOOL] 'insulina regular' (cat=MEDICAMENTO) -> vazio, 9.61s
[10:46:23] [SIGTAP] 'bomba de infusão' (cat=MATERIAL): busca restrita a 540 de 4994 procedimentos.
[10:46:23] [TOOL] 'bomba de infusão' (cat=MATERIAL) -> nivel1, score=0.286, confianca=media, painel=False, 1 resultado(s), 0.01s
[10:46:23] [NIVEL0] 'Reposição volêmica' marcado como não faturável separadamente (procedimentos_embutidos).
[10:46:23] [TOOL] 'Reposição volêmica' (cat=PROCEDIMENTO) -> nao_faturavel, 0.00s
[10:46:23] [NIVEL0] 'solução salina' marcado como não faturável separadamente (medicamentos_uso_hospitalar).
[10:46:23] [TOOL] 'solução salina' (cat=MEDICAMENTO) -> nao_faturavel, 0.00s
[10:46:23] [SIGTAP] 'glicemia capilar' (cat=EXAME): busca restrita a 1105 de 4994 procedimentos.
[10:46:23] [TOOL] 'glicemia capilar' (cat=EXAME) -> nivel1, score=1.000, confianca=alta, painel=False, 1 resultado(s), 0.01s
[10:46:23] [NIVEL0] 'gasometria venosa' -> ['gasometria']
[10:46:23] [TOOL] 'gasometria venosa' (cat=EXAME) -> nivel0, score=1.000, confianca=alta, painel=False, 1 resultado(s), 0.03s
[10:46:23] [NIVEL0] 'cetonemia' -> ['corpos cetonicos']
[10:46:23] [TOOL] 'cetonemia' (cat=EXAME) -> nivel0, score=1.000, confianca=alta, painel=False, 1 resultado(s), 0.03s
[10:46:23] [NIVEL0] 'cloreto de potássio' marcado como não faturável separadamente (medicamentos_uso_hospitalar).
[10:46:23] [TOOL] 'cloreto de potássio' (cat=MEDICAMENTO) -> nao_faturavel, 0.00s
[10:46:23] [SIGTAP] 'eletrocardiograma' (cat=EXAME): busca restrita a 1105 de 4994 procedimentos.
[10:46:23] [TOOL] 'eletrocardiograma' (cat=EXAME) -> nivel1, score=1.000, confianca=alta, painel=False, 3 resultado(s), 0.01s
[10:46:23] [NIVEL0] 'Monitor cardíaco' marcado como não faturável separadamente (procedimentos_embutidos).
[10:46:23] [TOOL] 'Monitor cardíaco' (cat=MATERIAL) -> nao_faturavel, 0.00s
[10:46:23] [SIGTAP] 'hemograma completo' (cat=EXAME): busca restrita a 1105 de 4994 procedimentos.
[10:46:23] [TOOL] 'hemograma completo' (cat=EXAME) -> nivel1, score=1.000, confianca=alta, painel=False, 1 resultado(s), 0.01s
[10:46:23] [SIGTAP] 'ecocardiograma transesofágico' (cat=EXAME): busca restrita a 1105 de 4994 procedimentos.
[10:46:23] [SEMANTICO] 'ecocardiograma transesofagico': 0.908 (limiar 0.8) -> ECOCARDIOGRAFIA TRANSESOFAGICA
[10:46:23] [TOOL] 'ecocardiograma transesofágico' (cat=EXAME) -> nivel_semantico, score=0.908, confianca=media, painel=False, 1 resultado(s), 0.07s
[10:46:23] [NIVEL0] 'cateter de Swan-Ganz' -> ['cateter de termodiluicao']
[10:46:24] [TOOL] 'cateter de Swan-Ganz' (cat=MATERIAL) -> nivel0, score=1.000, confianca=alta, painel=False, 1 resultado(s), 0.04s
[10:46:24] [NIVEL0] 'protamina' marcado como não faturável separadamente (medicamentos_uso_hospitalar).
[10:46:24] [TOOL] 'protamina' (cat=MEDICAMENTO) -> nao_faturavel, 0.00s
[10:46:24] [NIVEL0] 'heparina' marcado como não faturável separadamente (medicamentos_uso_hospitalar).
[10:46:24] [TOOL] 'heparina' (cat=MEDICAMENTO) -> nao_faturavel, 0.00s
[10:46:24] [NIVEL0] 'raio-x de tórax' -> ['radiografia de torax']
[10:46:24] [TOOL] 'raio-x de tórax' (cat=EXAME) -> nivel0, score=1.000, confianca=alta, painel=False, 1 resultado(s), 0.04s
[10:46:24] [NIVEL0] 'Drenos mediastinais' marcado como não faturável separadamente (materiais_descartaveis).
[10:46:24] [TOOL] 'Drenos mediastinais' (cat=MATERIAL) -> nao_faturavel, 0.00s
[10:46:24] [SIGTAP] 'Fisioterapia respiratória' (cat=PROCEDIMENTO): busca restrita a 2700 de 4994 procedimentos.
[10:46:24] [SEMANTICO] 'fisioterapia respiratoria': 0.825 (limiar 0.8) -> TRATAMENTO DE OUTRAS DOENCAS DO APARELHO RESPIRATORIO
[10:46:24] [TOOL] 'Fisioterapia respiratória' (cat=PROCEDIMENTO) -> nivel_semantico, score=0.825, confianca=baixa, painel=False, 1 resultado(s), 0.08s
[10:46:24] [SIGTAP] 'troponina' (cat=EXAME): busca restrita a 1105 de 4994 procedimentos.
[10:46:24] [TOOL] 'troponina' (cat=EXAME) -> nivel1, score=0.500, confianca=media, painel=False, 1 resultado(s), 0.01s
[10:46:24] [NIVEL0] 'coagulograma' -> ['tempo de protrombina', 'tempo de tromboplastina parcial ativada']
[10:46:24] [TOOL] 'coagulograma' (cat=EXAME) -> nivel0, score=1.000, confianca=alta, painel=True, 2 resultado(s), 0.06s
[10:46:24] [NIVEL0] 'oseltamivir' marcado como não faturável separadamente (medicamentos_uso_hospitalar).
[10:46:24] [TOOL] 'oseltamivir' (cat=MEDICAMENTO) -> nao_faturavel, 0.00s
[10:46:24] [NIVEL0] 'azitromicina' marcado como não faturável separadamente (medicamentos_uso_hospitalar).
[10:46:24] [TOOL] 'azitromicina' (cat=MEDICAMENTO) -> nao_faturavel, 0.00s
[10:46:24] [SIGTAP] 'ventilação não invasiva' (cat=PROCEDIMENTO): busca restrita a 2700 de 4994 procedimentos.
[10:46:24] [TOOL] 'ventilação não invasiva' (cat=PROCEDIMENTO) -> nivel1, score=0.429, confianca=media, painel=False, 2 resultado(s), 0.02s
[10:46:24] [NIVEL0] 'máscara facial total' marcado como não faturável separadamente (materiais_descartaveis).
[10:46:24] [TOOL] 'máscara facial total' (cat=MATERIAL) -> nao_faturavel, 0.00s
[10:46:24] [SIGTAP] 'painel viral respiratório' (cat=EXAME): busca restrita a 1105 de 4994 procedimentos.
[10:46:24] [SEMANTICO] 'painel viral respiratorio': 0.771 (limiar 0.8) -> PESQUISA DE ANTICORPOS E/OU ANTIGENO DO VIRUS SINCICIAL RESP
[10:46:24] [NIVEL4] ===== Iniciando ciclo para 'painel viral respiratório' (categoria=EXAME, teto de 6 tentativas) =====
[10:46:26] [NIVEL4] Tentativa 1: BUSCAR 'PESQUISA DE VÍRUS RESPIRATÓRIOS POR PCR' — SIGTAP costuma registrar exames laboratoriais com o prefixo 'PESQUISA DE' e especificar a técnica (PCR) para painéis virais respiratórios, ao invés de usar 'pai
[10:46:26] [SEMANTICO] 'pesquisa de virus respiratorios por pcr': 0.747 (limiar 0.8) -> PESQUISA DE ANTICORPOS E/OU ANTIGENO DO VIRUS SINCICIAL RESP
[10:46:26] [NIVEL4]   -> nada encontrado para 'PESQUISA DE VÍRUS RESPIRATÓRIOS POR PCR'
[10:46:32] [NIVEL4] Tentativa 2: BUSCAR 'PESQUISA DE VÍRUS RESPIRATÓRIOS - PCR MULTIPLEX' — SIGTAP costuma usar o padrão 'PESQUISA DE VÍRUS RESPIRATÓRIOS' seguido da técnica e do tipo de teste (PCR MULTIPLEX) para referir painéis virais respiratórios
[10:46:32] [SEMANTICO] 'pesquisa de virus respiratorios   pcr multiplex': 0.701 (limiar 0.8) -> PESQUISA DE ANTICORPOS E/OU ANTIGENO DO VIRUS SINCICIAL RESP
[10:46:32] [NIVEL4]   -> nada encontrado para 'PESQUISA DE VÍRUS RESPIRATÓRIOS - PCR MULTIPLEX'
[10:46:44] [NIVEL4] Tentativa 3: DESISTIR — Não há código específico no SIGTAP para um painel viral respiratório; o sistema registra exames individuais (ex.: PCR para influenza, RSV, etc.) e não um proced
[10:46:44] [NIVEL4] ===== Ciclo de 'painel viral respiratório' encerrado sem correspondência (3 tentativa(s)) =====
[10:46:44] [TOOL] 'painel viral respiratório' (cat=EXAME) -> vazio, 20.17s
[10:46:44] [NIVEL0] 'raio-x de tórax' -> ['radiografia de torax']
[10:46:44] [TOOL] 'raio-x de tórax' (cat=EXAME) -> nivel0, score=1.000, confianca=alta, painel=False, 1 resultado(s), 0.03s
[10:46:44] [NIVEL0] 'tomografia de tórax' -> ['tomografia computadorizada de torax']
[10:46:44] [TOOL] 'tomografia de tórax' (cat=EXAME) -> nivel0, score=1.000, confianca=alta, painel=False, 1 resultado(s), 0.03s
[10:46:44] [SIGTAP] 'metilprednisolona' (cat=MEDICAMENTO): busca restrita a 404 de 4994 procedimentos.
[10:46:44] [TOOL] 'metilprednisolona' (cat=MEDICAMENTO) -> nivel1, score=0.200, confianca=media, painel=False, 3 resultado(s), 0.01s
[10:46:44] [SIGTAP] 'Fisioterapia respiratória' (cat=PROCEDIMENTO): busca restrita a 2700 de 4994 procedimentos.
[10:46:44] [SEMANTICO] 'fisioterapia respiratoria': 0.825 (limiar 0.8) -> TRATAMENTO DE OUTRAS DOENCAS DO APARELHO RESPIRATORIO
[10:46:44] [TOOL] 'Fisioterapia respiratória' (cat=PROCEDIMENTO) -> nivel_semantico, score=0.825, confianca=baixa, painel=False, 1 resultado(s), 0.09s
[10:46:44] [SIGTAP] 'nebulização' (cat=PROCEDIMENTO): busca restrita a 2700 de 4994 procedimentos.
[10:46:44] [TOOL] 'nebulização' (cat=PROCEDIMENTO) -> nivel1, score=0.500, confianca=media, painel=False, 1 resultado(s), 0.03s
[10:46:44] [SIGTAP] 'broncodilatador' (cat=MEDICAMENTO): busca restrita a 404 de 4994 procedimentos.
[10:46:44] [SEMANTICO] 'broncodilatador': 0.599 (limiar 0.8) -> BROMOCRIPTINA 2,5 MG (POR COMPRIMIDO)
[10:46:44] [NIVEL4] ===== Iniciando ciclo para 'broncodilatador' (categoria=MEDICAMENTO, teto de 6 tentativas) =====
[10:46:47] [NIVEL4] Tentativa 1: DESISTIR — Broncodilatador é um medicamento de uso hospitalar rotineiro; no SIGTAP não há códigos específicos para fármacos isolados, pois são faturados dentro de procedim
[10:46:47] [NIVEL4] ===== Ciclo de 'broncodilatador' encerrado sem correspondência (1 tentativa(s)) =====
[10:46:47] [TOOL] 'broncodilatador' (cat=MEDICAMENTO) -> vazio, 2.88s
[10:46:47] [SIGTAP] 'lactato' (cat=EXAME): busca restrita a 1105 de 4994 procedimentos.
[10:46:47] [TOOL] 'lactato' (cat=EXAME) -> nivel1, score=0.500, confianca=media, painel=False, 2 resultado(s), 0.01s
[10:46:47] [NIVEL0] 'gasometria arterial' -> ['gasometria']
[10:46:47] [TOOL] 'gasometria arterial' (cat=EXAME) -> nivel0, score=1.000, confianca=alta, painel=False, 1 resultado(s), 0.05s
